0.00030296,0.0030046,0.0010896,-0.0046596,-0.00059011,-0.00010501,-0.0046263,0.0029502,-0.0030847,0.00029986,-0.0020189,0.00030616,-0.0040991,0.00029986,0.0017858,-0.0048968,0.0029907,0.0028988,0.00031293,-0.0046596,0.00088363,0.0029241,0.0011419,0.0028741,-0.0019354,-0.0020414,0.0031378,-0.0020338,-0.00059011,-0.0010592,-0.14513,0.00073881,-0.00056598,-0.0010198,0.0010896,5.5646e-05,0.002977,0.0017193,0.0035874,0.00098779,-0.00093668,-0.0026183,0.0017858,0.0017193,0.0017193,0.0017858,0.0014718,-0.00095811,-0.0042394,5.4207e-05,0.0035312,-0.0047108,0.00075196,0.0010896,0.0010896,-0.0021704,3.3092e-05,0.0033887,-0.00058779,0.0011419,3.2728e-05,-0.0019354,-0.0036135,-0.33646,-0.069777,-0.0047458,0.0014576,-0.35128,0.00074139,0.0010896,0.00030454,-0.00059011,0.0010896,-0.0026927,3.2848e-05,0.0036478,0.85853,-0.00057659
-0.00023991,-0.00016324,-1.3782e-05,-0.0064723,0.0052758,0.0050104,-0.0064261,-0.00016029,-0.0045922,-0.00023746,-0.0028182,-0.00024245,-0.0059497,-0.00023746,9.2158e-05,-0.0067079,-0.00016249,-0.00015749,-0.00024781,-0.0064723,-0.00024137,-0.00015887,-1.4443e-05,-0.00015615,-0.0027016,-0.0028495,-7.9629e-05,-0.002839,0.0052758,0.0021902,-0.19819,0.0039674,0.0050601,0.0021086,-1.3782e-05,0.0044914,-0.00016174,8.8726e-05,0.0036908,-1.2494e-05,0.0019368,-0.0039145,9.2158e-05,8.8726e-05,8.8726e-05,9.2158e-05,-0.00024881,-0.0014973,-0.0057975,0.0043753,0.003633,-0.0065434,0.004038,-1.3782e-05,-1.3782e-05,-0.0030049,0.00505,0.0034864,0.0052551,-1.4443e-05,0.0049944,-0.0027016,-0.005218,-0.54949,-0.068541,-0.006592,-0.00024641,0.80479,0.0039813,-1.3782e-05,-0.00024117,0.0052758,-1.3782e-05,-0.0038211,0.0050127,-8.5084e-05,0.074475,0.0051549
0.001055,0.00099143,0.00010435,-0.0044655,-0.00063458,-0.00063351,-0.0044336,0.00097349,-0.0034381,0.0010442,-0.0019618,0.0010662,-0.004337,0.0010442,-0.00014154,-0.0045454,0.00098685,0.00095652,0.0010898,-0.0044655,0.0010851,0.00096489,0.00010936,0.00094836,-0.0018806,-0.0019836,0.00082579,-0.0019763,-0.00063458,-0.00022007,0.88661,-0.00055595,-0.00060863,-0.00021188,0.00010435,-0.00056079,0.00098233,-0.00013627,-0.00070845,9.4607e-05,-0.00019461,-0.0029433,-0.00014154,-0.00013627,-0.00013627,-0.00014154,0.0011414,-0.0011838,-0.0039174,-0.00054629,-0.00069735,-0.0045145,-0.00056585,0.00010435,0.00010435,-0.0020682,-0.00063167,-0.00066922,-0.00063209,0.00010936,-0.00062471,-0.0018806,-0.0037802,-0.44954,-0.020501,-0.0045481,0.0011304,-0.084842,-0.0005579,0.00010435,0.0010606,-0.00063458,0.00010435,-0.0027135,-0.00062701,0.00086154,-0.062974,-0.00062005
-0.0001665,-0.00042193,-1.8764e-05,0.012194,-0.000135,-0.00012757,0.012106,-0.00041429,0.0027837,-0.00016479,0.0044726,-0.00016826,0.0055059,-0.00016479,-0.0002723,0.014452,-0.00041998,-0.00040707,-0.00017198,0.012194,-0.00017248,-0.00041063,-1.9665e-05,-0.0004036,0.0042876,0.0045224,-0.00070949,0.0045057,-0.000135,-0.0004169,-0.18983,-6.0334e-05,-0.00012948,-0.00040137,-1.8764e-05,0.00041425,-0.00041806,-0.00026216,0.00010384,-1.7011e-05,-0.00036867,0.002198,-0.0002723,-0.00026216,-0.00026216,-0.0002723,-0.00018261,-0.00086515,0.012939,0.00040354,0.00010222,0.012327,-6.1408e-05,-1.8764e-05,-1.8764e-05,0.005457,0.00036956,9.8095e-05,-0.00013447,-1.9665e-05,0.00036549,0.0042876,0.0054181,-0.35344,0.87593,0.012419,-0.00018084,-0.19598,-6.0544e-05,-1.8764e-05,-0.00016737,-0.000135,-1.8764e-05,0.0049854,0.00036684,-0.00070193,-0.17896,-0.00013191
-0.0069353,-0.020103,-0.010889,-0.052891,-0.10367,-0.10539,-0.052514,-0.019739,-0.024354,-0.0068644,-0.026979,-0.0070087,-0.046558,-0.0068644,-0.0035448,-0.057924,-0.02001,-0.019395,-0.0071636,-0.052891,-0.012641,-0.019565,-0.011412,-0.01923,-0.025863,-0.027279,-0.005386,-0.027178,-0.10367,-0.0056785,0.28269,-0.095675,-0.099435,-0.005467,-0.010889,-0.13592,-0.019919,-0.0034128,-0.13968,-0.0098723,-0.0050215,-0.018957,-0.0035448,-0.0034128,-0.0034128,-0.0035448,-0.01852,-0.010432,-0.048364,-0.13241,-0.1375,-0.053472,-0.097378,-0.010889,-0.010889,-0.027988,-0.14527,-0.13195,-0.10327,-0.011412,-0.14367,-0.025863,-0.041002,0.42337,0.4013,-0.05387,-0.018341,0.36387,-0.096009,-0.010889,-0.0069717,-0.10367,-0.010889,-0.033674,-0.1442,-0.011131,0.39445,-0.1013
0.011398,0.039959,0.020323,0.22971,-0.12595,-0.1332,0.22807,0.039236,0.090291,0.011282,0.09872,0.011519,0.19097,0.011282,-0.0018763,0.24886,0.039775,0.038552,0.011773,0.22971,0.022086,0.038889,0.021299,0.038223,0.094637,0.099819,0.016249,0.099449,-0.12595,-0.0055825,-0.069724,-0.11573,-0.1208,-0.0053746,0.020323,-0.17118,0.039592,-0.0018064,-0.18017,0.018425,-0.0049366,0.070187,-0.0018763,-0.0018064,-0.0018064,-0.0018763,0.033058,0.035646,0.21534,-0.16675,-0.17734,0.23224,-0.11779,0.020323,0.020323,0.10884,-0.18309,-0.17019,-0.12545,0.021299,-0.18107,0.094637,0.17098,-0.12504,-0.12878,0.23396,0.032739,-0.071171,-0.11613,0.020323,0.011458,-0.12595,0.020323,0.12828,-0.18173,0.026816,-0.087112,-0.12306
0.064069,0.25035,0.13643,-0.13745,-0.040938,-0.049237,-0.13647,0.24582,-0.034334,0.063414,-0.04196,0.064747,-0.10757,0.063414,-0.0048801,-0.14566,0.2492,0.24154,0.066178,-0.13745,0.13612,0.24365,0.14298,0.23948,-0.040224,-0.042427,0.073714,-0.04227,-0.040938,0.0008055,-0.061483,-0.040737,-0.039264,0.0007755,0.13643,-0.062885,0.24806,-0.0046984,-0.078975,0.12368,0.00071231,-0.025328,-0.0048801,-0.0046984,-0.0046984,-0.0048801,0.20978,-0.013861,-0.13293,-0.06126,-0.077738,-0.13896,-0.041462,0.13643,0.13643,-0.053376,-0.067209,-0.074602,-0.040777,0.14298,-0.066469,-0.040224,-0.098969,-0.072685,-0.05657,-0.13999,0.20775,-0.06622,-0.040879,0.13643,0.064405,-0.040938,0.13643,-0.060932,-0.066713,0.14553,-0.086153,-0.04
0.0020637,-0.043288,-0.034781,-0.14638,0.15092,-0.061013,-0.14533,-0.042504,0.26249,0.0020426,0.21101,0.0020855,-0.024094,0.0020426,0.012203,-0.10483,-0.043087,-0.041763,0.0021316,-0.14638,-0.016765,-0.042129,-0.036451,-0.041407,0.20228,0.21336,0.015538,0.21257,0.15092,0.023511,-0.031877,0.13556,0.14475,0.022635,-0.034781,-0.13987,-0.04289,0.011749,-0.2059,-0.031532,0.020791,0.22661,0.012203,0.011749,0.011749,0.012203,-0.035542,0.093063,-0.20056,-0.13626,-0.20267,-0.14798,0.13798,-0.034781,-0.034781,0.11884,-0.13915,-0.1945,0.15033,-0.036451,-0.13762,0.20228,-0.065425,-0.047313,-0.035932,-0.14908,-0.035198,-0.041601,0.13604,-0.034781,0.0020745,0.15092,-0.034781,0.16957,-0.13813,-0.0036262,-0.040687,0.14747
0.0010446,-0.012397,-0.0086848,-0.1066,-0.22304,0.030262,-0.10584,-0.012173,0.23357,0.001034,0.19002,0.0010557,-0.0048874,0.001034,0.015861,-0.069165,-0.01234,-0.011961,0.001079,-0.1066,-0.0036701,-0.012065,-0.0091018,-0.011859,0.18216,0.19213,-0.00065889,0.19142,-0.22304,-0.029873,-0.011263,-0.18719,-0.21392,-0.02876,-0.0086848,0.11534,-0.012283,0.01527,0.213,-0.0078736,-0.026417,0.20097,0.015861,0.01527,0.01527,0.015861,-0.0083588,0.083019,-0.15441,0.11235,0.20966,-0.10777,-0.19052,-0.0086848,-0.0086848,0.11153,0.10948,0.20121,-0.22216,-0.0091018,0.10827,0.18216,-0.042198,-0.018182,-0.011969,-0.10858,-0.008278,-0.008861,-0.18784,-0.0086848,0.0010501,-0.22304,-0.0086848,0.15678,0.10867,-0.0053312,-0.016231,-0.21793
-0.0048609,-0.012285,0.0050951,-0.0073705,-0.051598,-0.13327,-0.0073178,-0.012062,-0.033672,-0.0048112,-0.02966,-0.0049123,-0.01509,-0.0048112,0.34652,-0.013261,-0.012228,-0.011852,-0.0050209,-0.0073705,-0.001989,-0.011956,0.0053397,-0.011751,-0.028434,-0.029991,-0.04524,-0.029879,-0.051598,-0.090995,-0.016173,0.15011,-0.049488,-0.087606,0.0050951,-0.11806,-0.012172,0.33361,0.1613,0.0046192,-0.080468,-0.028285,0.34652,0.33361,0.33361,0.34652,0.0007617,-0.012141,-0.00089244,-0.11501,0.15877,-0.0074514,0.15278,0.0050951,0.0050951,-0.021715,-0.14711,0.15237,-0.051395,0.0053397,-0.14549,-0.028434,-0.0091476,-0.022473,-0.019376,-0.0075068,0.00075434,-0.017206,0.15063,0.0050951,-0.0048864,-0.051598,0.0050951,-0.028333,-0.14602,-0.041361,-0.027656,-0.050416
0.21626,0.0065822,-0.2005,-0.013056,-0.029678,-0.015018,-0.012963,0.0064631,-0.043708,0.21405,-0.03889,0.21855,-0.021966,0.21405,0.015523,-0.020793,0.0065518,0.0063504,0.22338,-0.013056,0.10263,0.006406,-0.21013,0.0062963,-0.037282,-0.039323,0.45141,-0.039177,-0.029678,0.0019278,-0.026874,-0.021505,-0.028465,0.001856,-0.2005,-0.012338,0.0065218,0.014945,-0.010657,-0.18177,0.0017048,-0.036596,0.015523,0.014945,0.014945,0.015523,-0.0056172,-0.015774,-0.0047166,-0.012019,-0.01049,-0.013199,-0.021888,-0.2005,-0.2005,-0.029087,-0.014537,-0.010067,-0.029562,-0.21013,-0.014377,-0.037282,-0.014143,-0.033483,-0.0288,-0.013297,-0.0055629,-0.028552,-0.021581,-0.2005,0.2174,-0.029678,-0.2005,-0.037686,-0.01443,0.33192,-0.034859,-0.028998
-0.079878,-0.18698,0.15151,-0.0040178,-0.0077806,0.025887,-0.0039891,-0.1836,-0.0060343,-0.079062,-0.00574,-0.080723,-0.0044287,-0.079062,0.034243,-0.0051821,-0.18612,-0.1804,-0.082508,-0.0040178,0.0039098,-0.18197,0.15879,-0.17886,-0.0055025,-0.0058039,0.45331,-0.0057823,-0.0077806,0.058617,-0.0049697,-0.018295,-0.0074624,0.056434,0.15151,0.01372,-0.18526,0.032968,-0.037529,0.13736,0.051836,-0.0049364,0.034243,0.032968,0.032968,0.034243,0.085707,-0.0021433,-0.0029348,0.013365,-0.036941,-0.0040619,-0.018621,0.15151,0.15151,-0.0047053,0.021701,-0.035451,-0.00775,0.15879,0.021462,-0.0055025,-0.0032175,-0.0076644,-0.0065607,-0.0040921,0.084878,-0.0070255,-0.018359,0.15151,-0.080297,-0.0077806,0.15151,-0.0058736,0.021541,0.52381,-0.0086643,-0.0076024
-0.00035239,0.011294,-0.024495,-0.012026,-0.021512,0.19306,-0.01194,0.011089,-0.017822,-0.00034879,-0.017006,-0.00035612,-0.01316,-0.00034879,0.17785,-0.015479,0.011242,0.010896,-0.00036399,-0.012026,-0.013568,0.010991,-0.025671,0.010803,-0.016302,-0.017195,-0.096875,-0.017131,-0.021512,0.4118,-0.016296,-0.12604,-0.020633,0.39646,-0.024495,0.090678,0.01119,0.17123,-0.23278,-0.022207,0.36416,-0.014562,0.17785,0.17123,0.17123,0.17785,-0.026792,-0.0063159,-0.0088386,0.088334,-0.22914,-0.012158,-0.12828,-0.024495,-0.024495,-0.013975,0.1465,-0.21989,-0.021428,-0.025671,0.14489,-0.016302,-0.0095605,-0.02288,-0.019584,-0.012248,-0.026533,-0.023173,-0.12648,-0.024495,-0.00035424,-0.021512,-0.024495,-0.017418,0.14542,-0.10768,-0.020568,-0.02102
-2.3161e-05,-0.00037528,-2.5101e-05,0.10034,-0.00020641,-0.00039358,0.099623,-0.00036849,0.42806,-2.2924e-05,-0.084385,-2.3406e-05,-0.26026,-2.2924e-05,-0.00028621,0.077431,-0.00037355,-0.00036206,-2.3923e-05,0.10034,-3.6135e-05,-0.00036523,-2.6306e-05,-0.00035898,-0.080895,-0.085325,-0.00052043,-0.085008,-0.00020641,-0.00011724,-0.00031311,-0.00026895,-0.00019797,-0.00011288,-2.5101e-05,-0.0002896,-0.00037184,-0.00027555,-1.2421e-05,-2.2756e-05,-0.00010368,0.53682,-0.00028621,-0.00027555,-0.00027555,-0.00028621,-4.9686e-05,0.16841,0.010436,-0.00028212,-1.2226e-05,0.10144,-0.00027374,-2.5101e-05,-2.5101e-05,-0.41003,-0.00041943,-1.1733e-05,-0.0002056,-2.6306e-05,-0.00041481,-0.080895,-0.26731,-0.0031385,-0.0027678,0.1022,-4.9206e-05,-0.00037285,-0.00026989,-2.5101e-05,-2.3282e-05,-0.00020641,-2.5101e-05,-0.31823,-0.00041633,-0.00052101,-0.00040976,-0.00020168
0.069919,-0.060574,0.020079,-0.0070554,0.076124,-0.29822,-0.007005,-0.059477,-0.014456,0.069205,-0.0079275,0.070659,0.0028802,0.069205,-0.06709,-0.011343,-0.060294,-0.05844,0.072221,-0.0070554,0.079016,-0.058952,0.021043,-0.057942,-0.0075996,-0.0080157,-0.085556,-0.007986,0.076124,0.34245,-0.0097967,-0.11457,0.073012,0.3297,0.020079,-0.023254,-0.060018,-0.064591,0.27473,0.018204,0.30283,-0.010976,-0.06709,-0.064591,-0.064591,-0.06709,0.089857,0.021336,-0.018887,-0.022653,0.27042,-0.0071329,-0.11661,0.020079,0.020079,-0.022521,-0.24669,0.25952,0.075825,0.021043,-0.24398,-0.0075996,0.010493,-0.013412,-0.011262,-0.0071859,0.088989,-0.012611,-0.11497,0.020079,0.070286,0.076124,0.020079,-0.010891,-0.24487,-0.072583,-0.012974,0.074381
-0.0015936,8.4139e-05,-0.00054956,0.017538,-0.0040405,0.011444,0.017413,8.2616e-05,-0.17153,-0.0015773,0.03686,-0.0016105,0.21897,-0.0015773,0.0018494,-0.051286,8.375e-05,8.1176e-05,-0.0016461,0.017538,-0.0018506,8.1886e-05,-0.00057594,8.0484e-05,0.035335,0.03727,9.0877e-05,0.037132,-0.0040405,-0.01472,-0.00082152,0.00374,-0.0038753,-0.014172,-0.00054956,-0.00016936,8.3367e-05,0.0017805,-0.011918,-0.00049823,-0.013017,-0.12569,0.0018494,0.0017805,0.0017805,0.0018494,-0.0021473,0.67378,-0.35072,-0.00016498,-0.011731,0.017731,0.0038065,-0.00054956,-0.00054956,-0.42812,0.0089675,-0.011258,-0.0040247,-0.00057594,0.0088688,0.035335,0.36123,-0.0019946,0.0033746,0.017862,-0.0021265,-0.00093438,0.003753,-0.00054956,-0.001602,-0.0040405,-0.00054956,-0.060845,0.0089013,-0.00020808,-0.0010422,-0.003948
0.22305,-0.17398,0.063073,-0.01019,-0.034327,0.11199,-0.010117,-0.17083,-0.0069675,0.22077,-0.012653,0.22541,-0.0067458,0.22077,0.0017167,-0.011601,-0.17318,-0.16785,0.2304,-0.01019,0.25155,-0.16932,0.066102,-0.16642,-0.01213,-0.012794,-0.2766,-0.012747,-0.034327,-0.11211,-0.01266,0.019568,-0.032923,-0.10793,0.063073,-0.017741,-0.17238,0.0016527,-0.10228,0.057182,-0.099138,-0.0049653,0.0017167,0.0016527,0.0016527,0.0017167,0.2856,-0.011431,-0.0041633,-0.017282,-0.10068,-0.010302,0.019916,0.063073,0.063073,-0.0038371,0.068972,-0.096619,-0.034192,0.066102,0.068213,-0.01213,-0.0047286,-0.016617,-0.014207,-0.010379,0.28284,-0.013787,0.019636,0.063073,0.22422,-0.034327,0.063073,-0.010068,0.068463,-0.23565,-0.011777,-0.033541
-0.0045521,-4.6616e-05,-0.0015602,-0.10633,-0.0023179,-0.0016734,-0.10557,-4.5773e-05,0.30129,-0.0045056,-0.19949,-0.0046003,0.43611,-0.0045056,-0.0013714,-0.080549,-4.6401e-05,-4.4975e-05,-0.004702,-0.10633,-0.005281,-4.5368e-05,-0.0016351,-4.4591e-05,-0.19123,-0.20171,0.00102,-0.20096,-0.0023179,-0.0022737,-0.0027359,-0.0017519,-0.0022231,-0.002189,-0.0015602,-0.0020899,-4.6189e-05,-0.0013203,-0.0021413,-0.0014145,-0.0020107,0.35084,-0.0013714,-0.0013203,-0.0013203,-0.0013714,-0.0061233,-0.16753,-0.017044,-0.0020359,-0.0021078,-0.1075,-0.0017831,-0.0015602,-0.0015602,0.11104,-0.0020066,-0.0020228,-0.0023088,-0.0016351,-0.0019845,-0.19123,0.54488,-0.0073628,3.9312e-05,-0.1083,-0.0060641,-0.0032757,-0.001758,-0.0015602,-0.004576,-0.0023179,-0.0015602,0.019718,-0.0019918,0.00015224,-0.003663,-0.0022648
4.4445e-05,4.0827e-05,2.0369e-05,0.069731,4.8966e-05,-6.8427e-05,0.069233,4.0088e-05,-0.035798,4.3991e-05,-0.20173,4.4915e-05,-0.1905,4.3991e-05,3.1989e-05,-0.071254,4.0638e-05,3.9389e-05,4.5908e-05,0.069731,5.4334e-05,3.9734e-05,2.1347e-05,3.9053e-05,-0.19338,-0.20397,3.2899e-05,-0.20322,4.8966e-05,2.0966e-05,6.4065e-05,5.0638e-05,4.6964e-05,2.0185e-05,2.0369e-05,0.00012684,4.0452e-05,3.0798e-05,2.4632e-05,1.8466e-05,1.854e-05,0.13275,3.1989e-05,3.0798e-05,3.0798e-05,3.1989e-05,6.533e-05,0.41883,-0.15787,0.00012356,2.4246e-05,0.070497,5.1539e-05,2.0369e-05,2.0369e-05,0.36311,4.9218e-05,2.3268e-05,4.8774e-05,2.1347e-05,4.8676e-05,-0.19338,-0.1867,-0.00055387,0.00037554,0.071021,6.4699e-05,7.6735e-05,5.0815e-05,2.0369e-05,4.4678e-05,4.8966e-05,2.0369e-05,0.59141,4.8855e-05,4.3075e-05,8.5035e-05,4.7844e-05
-0.0075983,0.0045955,-0.002152,-0.0015231,0.0068819,0.67026,-0.0015122,0.0045124,-0.0019413,-0.0075207,-0.0016444,-0.0076787,-0.0018999,-0.0075207,-0.027283,-0.0020216,0.0045743,0.0044337,-0.0078484,-0.0015231,-0.0085707,0.0044725,-0.0022554,0.0043959,-0.0015764,-0.0016627,0.012702,-0.0016566,0.0068819,0.059321,-0.0020754,-0.032819,0.0066005,0.057111,-0.002152,-0.49291,0.0045534,-0.026267,0.14298,-0.001951,0.052458,-0.0016421,-0.027283,-0.026267,-0.026267,-0.027283,-0.0097326,-0.0006368,-0.0012087,-0.48017,0.14074,-0.0015398,-0.033403,-0.002152,-0.002152,-0.0013646,0.0076422,0.13506,0.0068549,-0.0022554,0.0075581,-0.0015764,-0.001651,-0.0029404,-0.0025221,-0.0015513,-0.0096385,-0.0035427,-0.032934,-0.002152,-0.0076382,0.0068819,-0.002152,-0.0017118,0.0075859,0.011223,-0.0043188,0.0067243
0.0013254,0.0015267,0.00067026,-0.13215,0.0017272,0.0014742,-0.1312,0.001499,-0.22407,0.0013118,-0.016097,0.0013394,-0.22331,0.0013118,0.00088077,0.85936,0.0015196,0.0014729,0.001369,-0.13215,0.0016542,0.0014858,0.00070244,0.0014603,-0.015431,-0.016276,0.0012756,-0.016216,0.0017272,0.00092486,0.0022316,0.00159,0.0016566,0.00089042,0.00067026,0.0014371,0.0015127,0.00084796,0.0017064,0.00060766,0.00081787,0.17118,0.00088077,0.00084796,0.00084796,0.00088077,0.002016,0.0014533,-0.13589,0.0013999,0.0016797,-0.1336,0.0016183,0.00067026,0.00067026,0.025434,0.0018474,0.0016119,0.0017204,0.00070244,0.0018271,-0.015431,0.15105,0.0041014,0.0013052,-0.13459,0.0019966,0.0026671,0.0015956,0.00067026,0.0013323,0.0017272,0.00067026,0.026226,0.0018338,0.0016056,0.0029522,0.0016876
-9.2434e-05,-0.00011018,-4.7728e-05,-0.012268,-0.00012455,-5.2875e-05,-0.01218,-0.00010819,-0.52117,-9.149e-05,0.016134,-9.3412e-05,0.56302,-9.149e-05,-6.1657e-05,-0.010206,-0.00010967,-0.0001063,-9.5477e-05,-0.012268,-0.0001159,-0.00010723,-5.002e-05,-0.00010539,0.015467,0.016314,-9.1476e-05,0.016253,-0.00012455,-6.6806e-05,-0.00016009,-0.00011377,-0.00011946,-6.4317e-05,-4.7728e-05,-7.3014e-05,-0.00010917,-5.9361e-05,-0.00012309,-4.327e-05,-5.9077e-05,0.4599,-6.1657e-05,-5.9361e-05,-5.9361e-05,-6.1657e-05,-0.00014166,-0.016768,-0.0033675,-7.1126e-05,-0.00012116,-0.012403,-0.0001158,-4.7728e-05,-4.7728e-05,-0.02482,-0.00016185,-0.00011628,-0.00012407,-5.002e-05,-0.00016007,0.015467,-0.44236,-0.00024321,0.00048927,-0.012495,-0.0001403,-0.00019137,-0.00011417,-4.7728e-05,-9.2919e-05,-0.00012455,-4.7728e-05,-0.033961,-0.00016066,-0.00011496,-0.0002118,-0.0001217
-0.0019448,-0.0014695,-0.0008997,-0.0021115,-0.016615,0.58538,-0.0020964,-0.0014429,-0.0025926,-0.0019249,-0.0020818,-0.0019654,-0.0026604,-0.0019249,0.0021874,-0.0021737,-0.0014627,-0.0014178,-0.0020088,-0.0021115,-0.0023821,-0.0014302,-0.0009429,-0.0014057,-0.0019957,-0.002105,-0.00055461,-0.0020972,-0.016615,-0.041257,-0.0027415,0.0041938,-0.015936,-0.039721,-0.0008997,0.3837,-0.001456,0.0021059,-0.019535,-0.00081567,-0.036484,-0.0018748,0.0021874,0.0021059,0.0021059,0.0021874,-0.0028678,-0.00090827,-0.0016616,0.37378,-0.019229,-0.0021347,0.0042684,-0.0008997,-0.0008997,-0.0017987,-0.34989,-0.018454,-0.01655,-0.0009429,-0.34603,-0.0019957,-0.0017289,-0.0038676,-0.0033181,-0.0021505,-0.0028401,-0.0036595,0.0042084,-0.0008997,-0.001955,-0.016615,-0.0008997,-0.0022938,-0.3473,-0.0010265,-0.003774,-0.016235
0.0029387,0.0036219,0.0015497,-0.047534,0.0039939,0.0040955,-0.047194,0.0035563,0.46895,0.0029087,-0.063987,0.0029698,0.47244,0.0029087,0.001987,0.34948,0.0036051,0.0034943,0.0030354,-0.047534,0.0037021,0.0035249,0.0016241,0.0034645,-0.061341,-0.0647,0.0029907,-0.06446,0.0039939,0.0019296,0.0052335,0.003749,0.0038306,0.0018577,0.0015497,0.0040396,0.0035886,0.001913,0.003935,0.001405,0.0017064,-0.44401,0.001987,0.001913,0.001913,0.001987,0.0045387,0.097097,-0.10172,0.0039352,0.0038734,-0.048056,0.0038157,0.0015497,0.0015497,-0.024892,0.0038474,0.0037171,0.0039783,0.0016241,0.003805,-0.061341,-0.42931,0.0070564,0.0068891,-0.048413,0.0044949,0.0062549,0.0037621,0.0015497,0.0029541,0.0039939,0.0015497,0.028035,0.003819,0.0037528,0.0069239,0.0039025
0.032911,-0.23581,-0.41969,0.089624,0.13957,0.030211,0.64134,0.30997,0.032082,-0.095525,-0.12349,-0.038039,0.03154,0.0070174,-0.021042,0.030992,0.11415,0.041456,0.086138,-0.15708,0.096376,0.018348,0.022556,-0.015269,0.062174,0.076237,0.032359,0.08633,0.021123,0.0077466,0.040534,0.01732,0.0078103,0.0088871,0.055653,0.035008,-0.036659,0.024144,0.014678,0.038061,0.0098704,0.032724,0.027214,0.024144,0.024144,0.027214,0.058747,-0.059037,-0.11828,0.025159,0.04384,-0.1314,0.036492,0.055653,0.055653,0.040625,0.036478,0.031091,-0.0065167,0.032904,0.02781,0.054838,0.031757,0.057194,0.049048,-0.12854,0.12752,0.048446,0.00078793,0.055653,-0.038579,0.021123,0.055653,0.019798,0.026851,0.019564,0.053627,0.030061
-0,0.20737,-0.030474,0.88517,0.099021,0.014929,-0.25084,-0.016292,0.015853,0.01231,-0.0041229,0.036352,0.015586,-0.052264,-0.024728,0.015315,-0.021461,-0.024036,0.048192,-0.14665,0.021329,-0.020574,0.00084388,-0.019258,0.019432,0.020339,0.014062,0.02419,0.0073425,0.0049048,0.02003,0.0022249,-0.0070875,0.0014734,0.012695,0.02035,-0.015073,0.015544,0.011576,0.0036272,0.0039785,0.016171,0.016659,0.015544,0.015544,0.016659,0.027543,-0.05685,-0.11937,0.0093015,0.020595,-0.12815,0.024398,0.012695,0.012695,0.030452,0.0014697,0.011902,-0.0011876,-0.00020035,0.026516,0.016731,0.015693,0.028263,0.024237,-0.14398,0.019678,0.02394,-0.0053145,0.012695,0.00074918,0.0073337,0.012695,-0.00059364,0.017221,0.011645,0.0265,0.0044391
-0,0.058908,-0.22293,-0.12295,0.21707,-0.036227,-0.37421,0.40817,-0.03847,-0.26232,-0.39639,0.21478,-0.03782,-0.12241,-0.091413,-0.037163,-0.090939,-0.089034,0.050327,0.043531,0.016405,-0.14726,-0.064704,-0.15688,0.040885,0.072891,0.045089,0.076334,-0.069403,-0.033301,-0.048605,-0.03383,-0.084194,-0.024162,0.029303,-0.026803,-0.21865,0.0015633,-0.048596,-0.0040561,-0.020474,-0.03924,0.0039471,0.0015633,0.0015633,0.0039471,-0.014989,0.012688,0.04001,-0.045746,-0.00764,0.11428,-0.036664,0.029303,0.029303,-0.05311,-0.028323,-0.051287,-0.10274,-0.026739,-0.062184,0.024457,-0.038081,-0.068583,-0.058814,0.071811,-0.012856,-0.058093,-0.093345,0.029303,-0.15395,-0.069383,0.029303,-0.019345,-0.018999,-0.1095,-0.064306,-0.059115
0,0.37146,-0.12836,-0.10852,0.49316,0.086304,-0.086127,0.011359,0.091647,0.082543,0.16735,0.044311,0.090099,0.22713,0.025708,0.088533,0.085314,-0.0023762,-0.019215,0.21689,0.058932,0.02061,0.084721,-0.0081692,0.068635,0.06568,0.054329,0.062502,0.027315,0.027749,0.11579,0.046662,0.033924,0.019087,0.044028,0.061581,0.063261,0.056555,0.084287,0.066744,0.019829,0.093481,0.056688,0.056555,0.056555,0.056688,0.12694,0.070045,0.1471,0.11131,0.094956,0.17699,0.047175,0.044028,0.044028,0.067158,0.12173,0.075527,0.032748,0.075895,0.094773,0.076984,0.09072,0.16338,0.14011,0.17205,0.064884,0.1384,0.045684,0.044028,0.085414,0.026739,0.044028,0.10545,0.043772,0.094972,0.1532,0.010147
-0,0.68761,0.22265,-0.092938,-0.21865,0.0020392,0.39973,-0.0298,0.0021655,-0.20134,-0.061733,0.21648,0.0021289,-0.0053914,-0.12496,0.0020919,-0.21472,-0.097985,0.016765,-0.092648,-0.01534,-0.07704,-0.033332,-0.12886,-0.00043713,0.040466,0.050821,0.037141,0.031197,0.0058063,0.002736,0.031132,0.043739,0.0070857,-0.017844,0.0042653,-0.14037,0.022128,0.0062553,-0.01789,0.010941,0.0022088,0.023698,0.022128,0.022128,0.023698,0.025659,-0.044888,-0.089213,-0.00025455,-0.0071302,-0.041578,0.020603,-0.017844,-0.017844,0.0092372,0.024578,0.0070388,0.039774,-0.038492,-0.054467,-0.0061226,0.0021436,0.0038605,0.0033107,-0.064396,-0.019387,0.0032701,-0.0028605,-0.017844,-0.007154,0.030132,-0.017844,-0.0051588,0.03567,-0.048559,0.0036198,0.048781
-0,-0.077674,-0.12888,0.021421,-0.032233,-0.00025391,0.021362,0.026556,-0.00026963,-0.1849,0.30115,0.59231,-0.00026508,-0.018773,0.22383,-0.00026047,0.03041,-0.009608,-0.14493,-0.18661,0.005517,-0.067497,0.080186,-0.020347,-0.11342,-0.058954,-0.14603,-0.012372,0.049033,-0.0297,-0.00034066,0.018179,-0.021937,-0.041397,0.05452,0.00079231,0.11522,-0.040349,-0.05162,0.029111,0.041865,-0.00027503,-0.037917,-0.040349,-0.040349,-0.037917,-0.2091,0.083754,0.19199,-0.0013268,0.075806,0.21021,-0.048103,0.05452,0.05452,-0.039314,0.014585,-0.025123,-0.023068,0.039283,0.055086,-0.12688,-0.0002669,-0.00048068,-0.00041222,-0.26152,-0.14489,-0.00040716,-0.04089,0.05452,0.088714,0.049426,0.05452,0.038806,-0.070345,0.14932,-0.00045071,0.043514
-0,0.092303,-0.20345,-0.0032854,-0.10479,-0.012254,-0.013874,0.19,-0.013012,0.12103,0.32933,0.087435,-0.012793,0.13735,0.27857,-0.01257,-0.071633,-0.015539,0.070095,0.19758,-0.29436,-0.10581,-0.02135,-0.06428,-0.098624,-0.15646,0.0079021,-0.10712,0.050128,0.12912,-0.016441,-0.10119,0.024244,-0.082129,0.056445,0.015762,-0.10578,-0.063182,-0.040845,0.055275,-0.060162,-0.013273,-0.072458,-0.063182,-0.063182,-0.072458,-0.057784,-0.10943,-0.30392,-0.040961,-0.0028139,-0.2369,0.17837,0.056445,0.056445,0.092053,0.018481,0.0087302,-0.030219,0.005841,0.037374,-0.031946,-0.012881,-0.023198,-0.019894,0.28946,0.035508,-0.01965,-0.086997,0.056445,-0.20025,0.06262,0.056445,-0.11656,-0.09289,-0.0295,-0.021751,-0.10396
0,-0.23794,0.39848,0.055363,0.31764,-0.0081911,0.069371,0.059448,-0.0086981,-0.35319,0.07247,0.11139,-0.0085513,0.36635,-0.31213,-0.0084026,0.043221,-0.0024493,-0.040689,-0.026722,-0.16207,-0.012808,-0.071553,-0.038941,-0.047686,-0.0026577,-0.0056163,-0.072909,-0.05147,0.057983,-0.01099,-0.12403,-0.0004588,-0.074709,-0.0033968,0.037269,0.13862,0.074698,-0.040963,-0.013057,-0.072855,-0.0088722,0.070005,0.074698,0.074698,0.070005,-0.11493,-0.046161,-0.182,-0.054823,-0.048335,-0.071376,0.048137,-0.0033968,-0.0033968,0.089808,0.067085,0.068703,-0.095661,-0.064305,-0.043217,0.0083106,-0.0086102,-0.015507,-0.013298,0.10864,-0.064508,-0.013135,-0.097617,-0.0033968,0.1851,-0.038249,-0.0033968,-0.10619,-0.04928,-0.008542,-0.01454,-0.043431
-0,-0.087383,0.15048,0.017248,-0.15729,0.032587,-0.021743,-0.15901,0.034605,0.010107,-0.23826,0.29543,0.034021,-0.19566,0.10578,0.033429,0.36516,0.065057,0.24437,-0.014945,0.033802,-0.058823,0.097382,0.030504,0.030196,0.10227,0.24117,0.091004,0.020932,0.28869,0.043721,0.018419,0.15505,-0.13071,0.026046,0.16565,0.049761,-0.020726,-0.063773,0.0053661,-0.098837,0.035297,0.0084325,-0.020726,-0.020726,0.0084325,-0.086612,0.049048,0.03613,-0.10415,0.091642,-0.030738,0.075543,0.026046,0.026046,0.086302,0.21769,0.071589,0.029557,0.073054,-0.02963,0.18671,0.034255,0.061692,0.052905,0.2087,-0.052114,0.052257,0.070981,0.026046,-0.015755,0.048392,0.026046,-0.021127,-0.091301,-0.19043,0.057845,0.039922
0,-0.10006,0.0029872,0.004938,0.034777,0.0016478,0.06585,-0.079536,0.0017498,0.25162,-0.045291,0.41727,0.0017203,-0.089773,-0.22791,0.0016904,0.1725,-0.23815,-0.20221,0.16039,-0.21333,0.0076812,0.0021091,0.089913,0.12602,-0.078734,0.082269,0.011142,0.025991,-0.189,0.0022108,0.047874,-0.087163,0.081404,0.017533,-0.085942,0.15447,0.054309,0.059172,-0.024913,0.12516,0.0017849,0.038995,0.054309,0.054309,0.038995,0.26139,-0.088182,-0.12616,0.091554,0.018589,-0.16274,-0.11928,0.017533,0.017533,-0.033491,-0.16855,-0.076976,-0.054437,0.013432,-0.0021707,0.0012523,0.0017322,0.0031195,0.0026752,0.071535,-0.18308,0.0026424,0.073388,0.017533,-0.22926,-0.0038944,0.017533,0.036787,0.17694,-0.081495,0.002925,0.097458
0,-0.12498,0.15751,0.020175,-0.06474,0.028376,-0.042017,0.25823,0.030133,0.056339,0.098121,0.18191,0.029624,-0.37449,-0.051611,0.029109,-0.097741,0.014931,-0.0047362,0.16018,-0.074222,0.43478,0.011608,0.014806,0.089468,-0.036905,-0.032589,0.025419,0.11836,-0.10522,0.038071,-0.15161,-0.0083759,0.00052062,-0.044646,-0.045416,-0.30823,0.050268,0.013635,0.097071,0.098593,0.030736,0.022161,0.050268,0.050268,0.022161,-0.026236,-0.015102,-0.027148,0.10401,-0.10704,0.014922,0.14452,-0.044646,-0.044646,0.02792,0.1596,0.18381,0.071106,0.00028935,-0.10245,-0.029958,0.029828,0.05372,0.046068,0.04658,0.17719,0.045504,-0.034055,-0.044646,0.27875,0.076162,-0.044646,0.028833,0.027044,0.082968,0.05037,0.093296
0,-0.094974,0.22897,0.066989,-0.020654,0.014632,0.020747,0.14809,0.015538,-0.041399,-0.29736,0.076573,0.015275,0.29881,0.38215,0.01501,-0.13073,0.068839,-0.029345,0.052061,-0.086109,0.12956,0.21605,-0.045109,0.18652,-0.065048,-0.16127,0.17874,0.002798,0.0084643,0.019631,0.057919,-0.049711,-0.0091294,-0.08968,0.0061719,0.022118,-0.08263,0.19676,-0.002261,0.051952,0.015849,-0.063521,-0.08263,-0.08263,-0.063521,0.19157,0.016443,-0.08577,0.023254,-0.001086,0.091262,-0.028687,-0.08968,-0.08968,0.13089,0.11319,-0.16246,0.18773,-0.016211,-0.087901,0.08162,0.015381,0.0277,0.023755,-0.053818,-0.13837,0.023464,0.071721,-0.08968,-0.15815,-0.036778,-0.08968,-0.10162,0.017766,0.19094,0.025973,-0.052025
0,-0.038414,0.046299,-0.024081,0.12906,0.0035715,0.029832,0.046991,0.0037926,0.097086,0.17546,0.034711,0.0037286,-0.14002,-0.18546,0.0036638,-0.2407,0.21122,0.3609,-0.28045,-0.086663,-0.010105,0.043365,0.13751,-0.045757,-0.15186,-0.063474,0.037879,-0.0079078,0.34361,0.0047918,0.053743,-0.11631,-0.25644,0.012357,-0.18049,-0.071927,0.038892,0.096895,-0.027311,-0.088032,0.0038685,0.034708,0.038892,0.038892,0.034708,0.13462,0.089754,0.12426,0.1925,-0.12892,0.077942,-0.12456,0.012357,0.012357,0.043507,-0.073249,0.042678,-0.049716,-0.051059,-0.0038893,0.001936,0.0037543,0.0067613,0.0057983,0.089263,-0.17496,0.0057272,0.11428,0.012357,-0.21469,-0.019665,0.012357,-0.036364,0.088462,0.071332,0.0063397,0.053166
-0,0.020798,-0.075976,-0.0050499,0.030758,-0.015313,0.030087,-0.12882,-0.016261,0.096409,-0.060016,0.035592,-0.015987,0.16847,-0.16938,-0.015709,0.036891,0.008043,-0.053584,0.025749,-0.20712,-0.038273,0.29832,0.25553,0.041149,0.030556,0.081646,-0.12301,0.0086767,0.023068,-0.020545,-0.094775,-0.16508,0.16446,-0.053333,-0.060983,-0.24406,-0.063402,-0.012609,0.062931,-0.087688,-0.016587,0.09184,-0.063402,-0.063402,0.09184,0.015515,0.11453,0.19352,0.031634,-0.1066,0.0083154,0.36661,-0.053333,-0.053333,0.00055771,0.18773,0.077639,-0.147,0.029135,-0.015237,0.037736,-0.016097,-0.02899,-0.024861,-0.34403,-0.010418,-0.024556,-0.048932,-0.053333,-0.16236,0.040119,-0.053333,-0.031184,-0.22023,-0.11047,-0.027182,-0.12502
0,0.023641,-0.095421,-0.013992,0.029967,-0.014431,0.0025973,-0.21645,-0.015324,0.16726,-0.058635,-0.010035,-0.015065,0.18418,-0.15201,-0.014803,0.010045,-0.090733,-0.098057,-0.025869,0.18131,0.4931,-0.0029195,-0.13441,-0.066594,-0.091702,-0.011352,0.097173,0.1225,0.088019,-0.019361,-0.00014435,-0.024658,-0.27917,0.056726,0.011833,-0.17684,0.13627,-0.099389,-0.057176,0.066245,-0.015631,-0.090306,0.13627,0.13627,-0.090306,-0.20653,-0.036422,-0.095356,-0.041329,0.19048,0.11204,-0.070566,0.056726,0.056726,0.014464,0.11222,-0.13736,-0.033153,-0.022849,-0.056369,0.046265,-0.015169,-0.027319,-0.023428,-0.065476,-0.073834,-0.023141,-0.19703,0.056726,-0.24978,0.066396,0.056726,-0.043326,-0.1005,-0.013554,-0.025615,-0.037618
0,0.040067,-0.12775,-0.027181,0.036787,-0.0080177,-0.009708,-0.024268,-0.0085141,-0.027341,0.02255,-0.025661,-0.0083703,-0.13078,-0.076291,-0.0082248,-0.065506,0.013095,0.05291,0.11266,0.05296,-0.055482,0.66857,0.0067796,-0.19507,0.12218,-0.036442,-0.025726,0.058437,-0.1179,-0.010757,-0.1042,0.0046976,-0.014704,-0.066483,0.061676,0.033973,0.057431,-0.11676,-0.10943,0.0079055,-0.0086845,0.00073303,0.057431,0.057431,0.00073303,-0.079315,0.10631,-0.09305,-0.079526,0.11462,-0.075979,-0.13887,-0.066483,-0.066483,0.28041,-0.17525,-0.020329,0.0012303,-0.12542,0.0019234,0.027425,-0.008428,-0.015179,-0.013017,0.046251,-0.020686,-0.012857,-0.030403,-0.066483,0.11145,-0.012154,-0.066483,-0.29644,0.15041,0.023375,-0.014232,0.10086
0,-0.043529,0.11826,-0.003189,0.026095,0.00909,0.02263,0.10389,0.0096527,0.15443,0.02628,-0.011459,0.0094897,-0.075652,-0.046728,0.0093248,-0.052638,-0.0029325,0.18628,0.24164,-0.1886,-0.0017342,-0.255,0.079512,-0.36854,0.42408,-0.13048,0.055548,-0.0029238,0.037836,0.012196,-0.051214,0.047335,0.015581,0.0018954,0.20073,-0.020922,0.0066478,-0.061246,-0.019047,-0.12633,0.0098459,0.062483,0.0066478,0.0066478,0.062483,0.19964,-0.0073417,-0.03238,-0.18767,0.22148,0.10979,-0.016726,0.0018954,0.0018954,0.028122,0.043169,-0.13818,0.0091028,0.12675,-0.021812,-0.11662,0.0095552,0.017208,0.014757,-0.27811,-0.099455,0.014577,-0.061514,0.0018954,-0.10335,0.027892,0.0018954,-0.0099425,0.0057156,0.14969,0.016135,0.097185
0,-0.0028967,0.031545,0.015506,-0.015161,-0.0040818,5.8583e-06,0.11542,-0.0043344,0.078422,-0.017613,-0.021284,-0.0042613,0.074354,-0.0067865,-0.0041872,0.050959,-0.17748,-0.16921,-0.0068766,-0.090213,0.16102,0.17686,-0.1916,-0.42342,0.0073772,0.098485,0.48516,-0.1694,0.23656,-0.0054764,0.12169,-0.20178,0.085244,-0.026286,-0.05743,0.011198,-0.049201,0.017009,-0.012644,-0.1865,-0.0044212,-0.011066,-0.049201,-0.049201,-0.011066,-0.074948,-0.059923,0.025728,0.0507,-0.11251,-0.07938,0.018546,-0.026286,-0.026286,-0.13984,-0.1127,0.086759,0.017819,0.02984,0.12614,-0.097335,-0.0042906,-0.0077273,-0.0066266,0.020001,0.050377,-0.0065454,0.19803,-0.026286,0.12554,-0.0089715,-0.026286,0.13167,-0.024477,-0.10813,-0.0072454,0.017824
0,0.022997,-0.052802,0.0014062,-0.044706,-0.0018619,-0.010258,-0.011234,-0.0019772,-0.13651,0.019779,0.028574,-0.0019438,-0.081042,-0.031918,-0.00191,0.13759,-0.23928,-0.25645,0.26567,0.22638,-0.034431,-0.20176,0.20582,0.12037,0.028832,-0.11107,-0.054774,-0.037599,0.39063,-0.0024981,0.23512,-0.083676,-0.15858,-0.022689,-0.041889,-0.093943,-0.0047696,0.074507,0.051538,-0.11869,-0.0020167,-0.047596,-0.0047696,-0.0047696,-0.047596,0.04502,0.15341,-0.016057,0.039235,-0.081549,-0.112,-0.026223,-0.022689,-0.022689,0.29569,-0.040098,0.00041345,-0.027263,-0.042559,0.022115,-0.12367,-0.0019572,-0.0035248,-0.0030228,-0.13611,0.1233,-0.0029857,0.084824,-0.022689,0.053109,-0.075773,-0.022689,-0.29941,0.012735,0.11066,-0.003305,-0.024974
-0,-0.046118,0.053363,0.017884,-0.0090702,0.0071988,-0.0023041,0.0033853,0.0076444,0.02386,0.049085,0.10663,0.0075153,0.018576,-0.056733,0.0073847,-0.051693,0.49391,-0.43839,-0.13332,0.20504,-0.11257,-0.1315,-0.020351,-0.13201,-0.0049859,0.052532,0.019082,0.065451,0.013588,0.0096583,-0.073931,-0.25558,-0.019024,-0.06865,0.17364,-0.21012,-0.0026846,-0.13862,0.046491,0.10313,0.0077974,0.0042768,-0.0026846,-0.0026846,0.0042768,0.20486,0.028972,0.011426,-0.16369,0.16186,-0.026104,0.1387,-0.06865,-0.06865,0.04888,-0.11653,8.3448e-05,0.046519,0.066339,0.094063,0.10398,0.0075671,0.013628,0.011687,0.17322,0.053621,0.011544,0.1232,-0.06865,-0.092759,-0.001167,-0.06865,-0.034483,0.045438,-0.041305,0.012778,0.02916
0,-0.0012249,-0.001328,0.0027026,0.031454,0.0028362,-0.01063,-0.18878,0.0030117,-0.07426,-0.039191,0.15617,0.0029609,0.081514,-0.00357,0.0029094,0.13579,0.19581,0.084684,0.018297,-0.11382,0.2122,0.014579,-0.12312,0.00089823,0.2732,-0.17553,-0.24248,0.048285,0.0077903,0.0038052,0.21627,-0.09346,0.14732,0.034023,0.0056346,-0.21041,-0.12894,0.097284,-0.073048,-0.096713,0.003072,0.16196,-0.12894,-0.12894,0.16196,-0.24537,-0.038837,0.020611,-4.8606e-05,-0.034959,-0.13788,-0.16765,0.034023,0.034023,-0.089099,-0.13166,-0.057893,-0.007056,-0.16302,-0.022287,0.021595,0.0029813,0.0053692,0.0046045,0.12294,0.28016,0.004548,0.09552,0.034023,-0.15025,-0.025632,0.034023,0.094772,0.16341,0.18497,0.0050344,-0.06609
-0,-0.028117,0.091623,0.0021299,-0.0092819,0.0046502,-0.0088701,-0.014421,0.0049381,-0.27935,0.12586,-0.014561,0.0048547,0.00044539,0.028884,0.0047703,0.17622,0.077556,0.29286,0.3376,0.23193,-0.03288,0.094916,-0.047546,-0.082411,-0.054917,-0.0058782,-0.052866,0.20036,0.0085507,0.0062391,0.10346,-0.22712,0.02919,-0.018,0.040241,-0.1023,0.11599,0.089428,-0.032681,0.088472,0.005037,-0.22953,0.11599,0.11599,-0.22953,0.073584,-0.11543,0.006997,-0.031905,-0.1006,-0.14888,0.16968,-0.018,-0.018,-0.21414,-0.11911,0.024368,-0.031803,-0.0068079,0.061862,0.089127,0.0048882,0.0088035,0.0075496,-0.15626,-0.22796,0.007457,-0.02248,-0.018,-0.053597,-0.088195,-0.018,0.22344,0.072411,0.014148,0.0082545,-0.050332
-0,0.045323,-0.045787,-0.0026564,0.015572,-0.0075873,0.0036252,0.0095252,-0.008057,0.074004,-0.042227,-0.059676,-0.007921,0.075995,-0.0064325,-0.0077833,0.099256,-0.041568,-0.014865,-0.097926,-0.25001,-0.044777,0.062193,0.0015094,-0.002183,0.13943,-0.031071,0.017512,-0.04705,-0.059669,-0.01018,0.15341,0.0013553,-0.40965,-0.015281,0.2655,-0.11982,0.010997,0.1439,0.10378,0.48193,-0.0082183,-0.014811,0.010997,0.010997,-0.014811,0.047731,0.072769,0.17117,-0.28789,-0.28765,-0.1588,-0.13374,-0.015281,-0.015281,-0.045902,0.005189,0.12422,0.0015152,0.0015774,0.067277,-0.15925,-0.0079756,-0.014364,-0.012318,0.035515,-0.01775,-0.012167,-0.078578,-0.015281,0.083014,-0.01481,-0.015281,0.030727,-0.095189,0.018617,-0.013468,0.035457
-0,0.0051111,0.059473,-0.0063241,0.010213,0.0065333,-0.014021,-0.12613,0.0069378,-0.15038,-0.081253,0.034676,0.0068206,0.061805,0.10907,0.0067021,0.072873,-0.16403,0.1265,-0.07569,0.045425,-0.041772,-0.13284,0.29755,-0.1611,0.045005,-0.15223,0.21468,-0.035859,-0.23712,0.0087655,-0.12783,-0.14034,0.075651,0.0070381,-0.097473,0.0013849,0.055331,-0.23361,-0.13118,0.080345,0.0070766,-0.073963,0.055331,0.055331,-0.073963,0.027797,0.05578,0.04386,0.11327,-0.060674,-0.062485,-0.021602,0.0070381,0.0070381,0.064839,0.027906,0.33049,0.19154,-0.14968,0.15689,0.0072435,0.0068676,0.012368,0.010607,0.15139,0.2072,0.010477,-0.055793,0.0070381,-0.2979,0.11216,0.0070381,-0.051773,-0.16469,0.16753,0.011597,0.10866
-0,-0.02833,0.10456,0.016161,0.071947,0.0059414,0.023157,0.0070328,0.0063092,0.0074797,-0.033899,-0.00052558,0.0062027,0.12552,0.077306,0.0060949,-0.11662,0.060363,0.03143,0.070785,0.093356,-0.11953,0.051131,0.4633,0.16046,-0.026585,0.097688,0.31349,0.16319,-0.016082,0.0079714,0.071477,0.044061,-0.039751,0.017969,0.0014984,-0.21234,-0.049085,-0.12727,0.072318,-0.023586,0.0064355,0.082439,-0.049085,-0.049085,0.082439,-0.22273,-0.061248,0.0026443,0.010477,0.20518,-0.14392,-0.087976,0.017969,0.017969,-0.10907,-0.10331,-0.060921,0.01083,0.051042,-0.07855,-0.39516,0.0062455,0.011248,0.0096458,0.067909,-0.080867,0.0095275,-0.14744,0.017969,0.085728,0.040845,0.017969,0.12096,0.2003,-0.089811,0.010546,-0.12529
-0,-0.005521,0.052382,0.015666,-0.018097,0.0016175,0.0068411,0.02739,0.0017177,0.028609,-0.11146,-0.029618,0.0016887,0.10559,0.15803,0.0016593,-0.036778,0.042571,0.001324,-0.040508,-0.11912,0.14713,-0.12666,-0.30742,0.041913,0.24023,0.094736,-0.045359,0.32141,0.0064803,0.0021702,-0.037899,0.02477,-0.032833,0.019875,-0.19474,0.13642,0.007813,-0.2461,-0.0024836,0.015784,0.001752,-0.08128,0.007813,0.007813,-0.08128,0.098202,0.23805,0.30542,0.20318,0.048124,-0.22949,0.065494,0.019875,0.019875,0.13177,-0.15537,0.21532,-0.15276,0.10007,-0.011519,-0.12283,0.0017003,0.0030622,0.002626,-0.051342,-0.094451,0.0025938,-0.053236,0.019875,0.019633,-0.0069141,0.019875,-0.12854,0.17289,-0.094334,0.0028712,-0.13396
-0,0.01039,-0.092598,-0.016777,-0.039531,-0.0050288,-0.01808,-0.15086,-0.0053401,0.018861,-0.03129,-0.0015589,-0.00525,-0.086978,-0.12766,-0.0051587,0.083089,0.36815,0.0028992,0.24742,0.082944,-0.11621,-0.031548,-0.33186,0.083106,-0.15678,-0.087151,0.28403,0.0026431,-0.064481,-0.006747,0.039472,-0.036755,0.013525,0.04088,-0.054345,0.09983,-0.056654,0.045064,0.0019325,-0.10447,-0.005447,0.2069,-0.056654,-0.056654,0.2069,0.081358,0.019726,-0.03594,0.045617,-0.15043,-0.12014,-0.033647,0.04088,0.04088,0.067235,0.12501,0.093681,0.10628,-0.12802,0.029966,-0.21009,-0.0052861,-0.0095201,-0.0081642,-0.083673,-0.14777,-0.0080641,-0.32162,0.04088,0.0099138,0.12426,0.04088,-0.077293,-0.17099,0.080598,-0.0089265,0.09631
0,-0.035541,0.07812,0.010193,-0.0055993,0.0063671,-0.0046806,0.084208,0.0067613,0.049283,0.1473,0.04995,0.0066471,0.034133,-0.044917,0.0065316,0.093892,0.04295,0.028433,-0.061142,0.14614,0.09193,0.032057,-0.073465,0.090016,0.009974,0.062088,0.025132,-0.26116,-0.088959,0.0085425,0.052005,0.29766,0.20181,0.40548,0.12798,-0.16288,0.097638,0.03186,-0.23625,-0.023069,0.0068966,-0.034561,-0.17525,0.17469,-0.07191,0.026181,0.047337,-0.024509,-0.1185,-0.1693,0.14003,0.056505,-0.074242,-0.074242,0.11781,-0.11817,0.16214,0.0063518,0.059733,0.046187,-0.24702,0.0066929,0.012054,0.010337,-0.02161,-0.095788,0.01021,0.077699,-0.074242,-0.18817,0.073856,-0.074242,-0.10508,0.092269,-0.052558,0.011302,-0.22322
-0,-0.011391,0.033133,0.015015,0.0081496,-0.0035253,0.013168,0.075237,-0.0037436,-0.0071068,0.093968,-0.0071111,-0.0036804,0.023607,-0.048644,-0.0036164,0.032482,0.074435,0.043651,0.089547,0.0094122,0.056315,0.0097179,-0.027358,0.010981,-0.013066,0.058811,-0.075458,-0.25569,-0.081721,-0.0047298,0.1211,0.10645,0.040869,-0.24309,-0.098858,-0.21935,-0.10327,-0.19119,-0.25047,0.1822,-0.0038185,-0.22998,0.18017,-0.20825,0.27138,0.032131,0.028225,-0.0014785,0.094352,0.14595,-0.076393,-0.10369,0.14329,0.14329,0.049738,0.089252,0.039535,0.1867,0.036071,0.080344,-0.034519,-0.0037057,-0.0066739,-0.0057233,-0.059338,-0.19912,-0.0056532,0.2457,0.14329,0.070165,-0.19273,0.14329,-0.056789,-0.18062,-0.066469,-0.0062577,-0.12578
0,0.022904,-0.021365,-0.0081432,0.028758,-0.0062521,0.01175,0.035338,-0.0066391,-0.051139,0.043199,-0.035722,-0.006527,0.013464,-0.0039001,-0.0064136,-0.020976,-0.12981,0.072939,0.056777,-0.044924,0.085777,-0.013879,-0.050855,0.18075,-0.077106,0.096124,-0.12855,0.15061,0.049474,-0.0083882,-0.32643,-0.26222,-0.097618,0.33873,0.091639,0.014679,0.16824,-0.064057,0.0004536,-0.12464,-0.006772,0.13069,-0.15172,-0.11115,0.092522,-0.00084656,0.038232,0.10865,-0.10671,0.092571,-0.10572,-0.20963,-0.052267,-0.052267,-0.045176,-0.032533,-0.047753,0.45088,-0.012475,0.16478,-0.042372,-0.006572,-0.011836,-0.01015,-0.10084,-0.038346,-0.010026,0.19756,-0.052267,0.031643,-0.1418,-0.052267,0.032672,-0.15029,-0.1095,-0.011098,0.0293
-0,0.068732,-0.10501,-0.012919,0.0059628,-0.0072875,0.0064055,-0.097385,-0.0077386,0.086531,-0.096317,-0.018334,-0.007608,0.056085,-0.001763,-0.0074757,0.10922,0.044855,-0.0026453,-0.017869,-0.047463,-0.056789,-0.11549,0.013312,-0.00012681,-0.064183,-0.1256,0.14522,0.042085,-0.047886,-0.0097774,-0.35996,-0.028536,0.12791,-0.19207,0.11295,-0.12936,0.24375,0.086951,0.076028,-0.090656,-0.0078935,-0.043862,-0.099864,0.042374,-0.1597,-0.082548,0.049135,0.025785,-0.13069,-0.14413,-0.026556,-0.043889,0.18161,0.18161,0.05697,0.042949,0.035876,-0.071185,-0.1562,-0.22089,-0.022738,-0.0076604,-0.013796,-0.011831,-0.019262,-0.1992,-0.011686,0.39242,0.18161,0.14265,0.089901,0.18161,-0.071545,0.15478,0.11608,-0.012936,-0.095366
-0,0.028778,0.014072,-0.0013758,-0.021008,0.0013768,0.0086842,0.054656,0.001462,0.071604,-0.10587,-0.055368,0.0014373,-0.0055165,0.060603,0.0014123,-0.029296,-0.020337,-0.10803,-0.0058252,-0.029138,-0.067593,0.025087,0.067634,0.077406,0.038003,-0.059059,-0.050617,0.27822,0.060677,0.0018471,-0.033568,-0.15927,-0.022351,0.17132,0.042678,-0.024182,-0.3228,-0.0084015,-0.3181,-0.095453,0.0014913,-0.31103,-0.10408,0.40492,0.32266,0.047631,-0.077729,-0.09149,-0.041027,-0.06676,0.069167,-0.13593,0.032073,0.032073,-0.049388,0.051765,0.082666,-0.20115,-0.02429,0.076927,0.053403,0.0014472,0.0026064,0.0022351,0.030041,-0.080509,0.0022077,0.071778,0.032073,0.17148,0.16685,0.032073,0.052142,-0.12463,0.062972,0.0024438,0.034979
0,0.041093,-0.04989,-0.0057516,0.024534,-0.0046753,0.026221,-0.03566,-0.0049647,0.078599,-0.12606,-0.027468,-0.0048809,-0.0049103,0.021004,-0.004796,-0.031527,0.062906,-0.003055,0.037925,-0.16977,-0.058158,-0.094672,0.087177,-0.092159,-0.12834,-0.10527,-0.0016816,-0.23626,-0.021211,-0.0062727,0.2346,-0.18354,0.046364,0.51133,-0.043973,-0.092285,0.041007,-0.13543,-0.1072,0.081316,-0.0050641,0.013173,0.081362,-0.12562,-0.14621,-0.069409,0.053413,0.057762,0.035685,0.11806,-0.13728,0.050043,-0.012222,-0.012222,0.035334,0.061876,0.0060659,0.024413,0.034354,-0.19919,0.33613,-0.0049145,-0.0088509,-0.0075902,-0.0069084,-0.16131,-0.0074972,-0.07484,-0.012222,0.30952,0.12288,-0.012222,-0.044684,0.12199,0.099799,-0.008299,0.0036829
-0,-0.002788,-0.054287,-0.01203,0.0051633,-0.0029851,0.0011323,-0.061795,-0.0031699,0.037573,-0.020535,0.01305,-0.0031164,-0.068544,-0.10126,-0.0030622,-0.13314,0.030957,0.085104,0.047036,0.056585,-0.029622,0.084103,-0.10485,0.14987,0.18663,-0.083339,-0.057378,-0.18943,0.078305,-0.004005,0.095863,-0.23711,-0.0121,0.07517,-0.0096851,0.27912,0.079335,-0.25401,0.33226,0.1677,-0.0032333,-0.24196,-0.062689,0.029812,0.070876,-0.07139,-0.11386,-0.14278,0.0039055,0.1408,0.038741,0.10917,-0.075861,-0.075861,-0.06855,0.19116,0.11306,-0.052591,-0.12389,-0.17247,-0.28075,-0.0031378,-0.0056511,-0.0048462,0.051479,0.004806,-0.0047868,0.26657,-0.075861,-0.083078,0.10108,-0.075861,0.06258,-0.029768,0.080258,-0.0052987,-0.10783
0,-0.0375,-0.011463,0.019309,-0.020028,0.0034423,0.00081326,-0.0033728,0.0036554,0.090424,-0.016124,0.06126,0.0035936,0.033725,-0.027849,0.0035312,-0.069239,0.17242,-0.04736,0.094849,0.012646,-0.17307,-0.078611,0.074813,-0.25113,0.18033,0.19303,0.02636,0.28028,-0.12276,0.0046184,0.062229,-0.032586,0.0044997,0.18272,-0.13541,0.062379,0.025823,0.21259,0.12953,0.093845,0.0037285,-0.07101,0.19853,-0.044594,-0.024166,-0.19438,-0.041243,-0.18252,0.14597,-0.26361,0.20232,-0.23936,-0.0074679,-0.0074679,0.11098,0.11955,0.060157,0.18315,0.049859,-0.078866,0.068199,0.0036184,0.0065166,0.0055884,-0.10985,0.095702,0.0055199,0.1028,-0.0074679,-0.024578,-0.057637,-0.0074679,-0.1041,-0.03146,-0.19196,0.0061102,-0.25671
-0,-0.020078,0.0031602,0.0077394,-0.0054118,-0.00011844,-0.016021,-0.021328,-0.00012577,-0.14942,0.042007,0.012361,-0.00012364,-0.065984,-0.037178,-0.0001215,0.053991,0.035234,-0.088202,0.064098,-0.079121,-0.041943,0.026138,0.0035239,-0.15901,-0.13803,-0.045721,0.15955,0.052375,0.02283,-0.0001589,-0.14752,0.38019,-0.11159,0.17401,-0.04766,-0.0101,0.12268,0.057991,0.050693,0.027113,-0.00012829,-0.22322,0.051704,-0.070358,0.22037,0.20931,0.050642,0.1944,0.048685,0.13536,-0.18979,-0.069808,-0.09002,-0.09002,-0.10234,0.061049,-0.2028,-0.13585,-0.31751,-0.038797,0.092503,-0.0001245,-0.00022421,-0.00019228,-0.06237,0.21789,-0.00018992,0.084447,-0.09002,-0.046197,0.12115,-0.09002,0.10211,-0.023206,0.046683,-0.00021023,-0.28014
0,0.0013231,0.044276,-0.004034,-0.0011684,0.0020044,-0.023213,-0.057609,0.0021284,-0.12629,0.12682,-0.098514,0.0020925,-0.00035623,0.025244,0.0020561,0.21209,0.10295,0.14329,0.0048407,-0.3529,-0.068574,-0.040816,-0.10713,0.11804,-0.22582,0.16446,0.16376,0.06015,-0.047114,0.0026892,0.13326,-0.18917,0.031302,-0.001735,0.02132,-0.07411,-0.069236,-0.08923,-0.12301,0.11331,0.002171,-0.0043773,0.0095729,0.14357,-0.17636,0.070481,0.038172,-0.037633,-0.017832,0.20432,0.2516,-0.058177,0.016204,0.016204,0.10981,0.037055,-0.11232,-0.10611,-0.12117,-0.094826,-0.17365,0.0021069,0.0037945,0.003254,-0.1781,0.36629,0.0032141,0.10927,0.016204,0.013851,-0.068921,0.016204,-0.1058,0.063206,-0.16516,0.0035579,0.14668
-0,-0.0048439,0.034768,-0.00098653,0.016953,0.0052724,0.011446,0.034192,0.0055988,0.096079,-0.04788,0.044202,0.0055043,0.0011077,0.025036,0.0054086,-0.097722,0.071816,-0.059091,-0.037402,-0.095595,-0.0048125,0.047108,-0.01121,0.2499,0.0078941,0.01335,-0.044746,-0.025789,0.074919,0.0070738,0.0041579,-0.047613,0.13434,0.0097012,0.19026,0.048101,0.1162,0.039098,-0.074098,-0.31667,0.0057109,-0.28083,0.61554,-0.26746,-0.093053,-0.021102,0.012816,0.060274,-0.18464,-0.082072,0.015257,-0.076803,0.005833,0.005833,-0.031716,-0.07395,0.060242,-0.025728,-0.054923,0.096195,-0.13346,0.0055422,0.0099813,0.0085596,-0.017476,0.11377,0.0084547,-0.092923,0.005833,-0.035324,0.19317,0.005833,0.042261,-0.0054081,-0.0044859,0.0093589,0.090976
-0,-0.015341,0.010194,-0.0078867,0.0098876,0.0055507,0.010717,-0.022787,0.0058943,0.090043,-0.066216,0.048881,0.0057948,-0.015899,0.010655,0.0056941,-0.020927,0.051708,-0.062354,0.028858,-0.12836,-0.082696,-0.0009371,0.021305,0.014565,0.018972,0.056055,-0.022832,-0.14113,0.11741,0.0074472,-0.011573,-0.055409,-0.15238,-0.12017,-0.0012042,0.10446,0.27244,0.031663,-0.14654,0.0058469,0.0060123,-0.31085,-0.23966,0.085709,0.23378,-0.079384,-0.0096525,0.0096948,0.012461,-0.050085,0.13283,0.254,0.09152,0.09152,-0.021888,-0.20268,0.035631,0.36892,-0.088618,-0.058194,0.087763,0.0058348,0.010508,0.0090114,-0.13932,0.1783,0.008901,-0.29915,0.09152,0.01446,-0.029473,0.09152,0.03299,0.27895,-0.047796,0.0098529,-0.056841
-0,-0.032416,0.055522,0.02648,0.010718,0.0018215,0.011233,0.072551,0.0019342,0.017971,0.028909,0.025706,0.0019016,0.056461,0.060395,0.0018685,-0.091702,0.11381,-0.013703,-0.0011369,-0.05062,0.038949,-0.01573,0.043365,-0.024202,0.043893,0.13986,-0.11533,-0.12891,-0.10226,0.0024438,0.26107,0.025411,0.20392,-0.094669,-0.039304,-0.12649,0.27504,0.02818,0.33208,-0.19769,0.0019729,-0.21745,-0.23433,0.30888,-0.091032,0.002201,0.078617,0.10928,0.04403,0.063654,-0.16031,-0.30771,0.011944,0.011944,0.036359,0.08677,-0.090595,0.0041167,-0.11124,0.12047,0.078548,0.0019147,0.0034482,0.0029571,0.024539,-0.058988,0.0029208,-0.1257,0.011944,0.032463,0.081853,0.011944,-0.032716,-0.20194,-0.14026,0.0032332,0.19438
-0,0.031143,-0.14254,0.010949,-0.076391,-0.011401,-0.041137,-0.12641,-0.012107,-0.09773,-0.040617,-0.036039,-0.011902,0.1475,0.057904,-0.011695,0.32239,0.090975,-0.095438,-0.049107,-0.13586,-0.072754,0.067576,-0.031877,0.019327,0.1412,-0.065379,-0.09093,-0.13406,0.09248,-0.015296,-0.21567,0.16675,-0.14167,0.059099,-0.22172,-0.2884,-0.041779,-0.11716,0.20364,-0.14671,-0.012349,-0.086511,0.14611,0.089286,-0.032511,0.16055,-0.14017,-0.15744,0.20455,-0.014232,0.16619,-0.12026,-0.090391,-0.090391,-0.11051,-0.073898,0.10403,0.15371,0.10374,-0.078471,-0.09046,-0.011984,-0.021583,-0.018509,0.002225,-0.1171,-0.018282,-0.045094,-0.090391,0.086944,-0.045783,-0.090391,0.087709,0.11817,0.047144,-0.020237,0.20572
-0,-0.012834,0.056827,0.01419,-0.031297,0.0044116,-0.011451,0.084337,0.0046847,0.0107,0.028998,-0.063101,0.0046056,0.062801,0.10347,0.0045255,0.016061,-0.051077,-0.063113,0.040088,0.062818,0.010482,0.035667,0.027392,-0.023993,-0.041489,0.055887,-0.052597,0.132,0.027819,0.0059189,0.13421,0.041898,-0.04431,0.012239,0.04049,-0.045899,0.23599,-0.19005,-0.0074206,0.0098516,0.0047784,0.092042,-0.17752,-0.35344,0.11331,0.12004,-0.090492,-0.13057,-0.032643,-0.060431,0.20099,-0.13349,-0.25838,0.47692,-0.030541,-0.0037431,0.27764,-0.23563,-0.19813,-0.027018,0.11604,0.0046373,0.0083516,0.0071621,-0.084111,-0.057395,0.0070743,-0.011825,-0.077398,-0.032698,0.012065,-0.077398,0.039364,0.044023,-0.049613,0.0078308,0.13598
-0,0.01571,0.055897,-0.02002,-0.048331,0.0035461,0.0053106,0.0031491,0.0037656,0.033157,-0.056234,-0.065186,0.003702,-0.10328,-0.035727,0.0036377,0.20901,-0.06938,0.048113,-0.23128,-0.065853,-0.02515,0.013797,-0.0015276,0.021483,0.17581,-0.061198,0.012021,0.17259,-0.029829,0.0047577,0.081373,-0.13,0.067962,0.061935,-0.11128,-0.11281,0.24447,0.13067,0.017862,0.058552,0.003841,-0.023768,-0.043773,-0.20216,-0.011433,0.10097,-0.038576,-0.14713,0.1214,0.11508,0.20904,0.20948,-0.02693,-0.066039,0.080459,-0.11744,-0.24742,-0.035969,-0.16195,0.32541,-0.14219,0.0037275,0.0067132,0.005757,0.20302,-0.14491,0.0056864,-0.10135,0.091769,0.2173,0.075402,0.091769,-0.073367,-0.19519,0.068954,0.0062945,-0.1924
0,0.019991,-0.0061629,-0.0082881,0.029586,0.000164,0.026758,-0.10323,0.00017416,0.054789,-0.21167,0.085403,0.00017122,0.0036488,-0.022205,0.00016824,-0.16773,0.2317,-0.0014147,0.1983,-0.11767,-0.040721,-0.0094185,0.041636,0.11217,-0.022253,-0.10373,0.094396,-0.013568,0.052201,0.00022004,-0.065969,0.20608,-0.077779,0.059295,-0.076165,0.025846,0.26378,-0.039957,-0.11154,0.094261,0.00017764,-0.031743,-0.11501,-0.034943,-0.11561,-0.20117,-0.077521,-0.11255,0.078518,0.00084107,0.0030611,0.031331,0.19557,-0.061636,-0.029079,-0.14693,0.041923,-0.27238,0.21309,0.34098,0.033771,0.0001724,0.00031048,0.00026626,-0.10172,0.12592,0.00026299,0.16743,-0.10487,0.04762,-0.22411,-0.10487,0.029407,-0.19121,0.10667,0.00029112,0.16205
0,-0.02495,0.10209,0.017912,-0.01013,0.0074598,0.0011038,0.094928,0.0079216,0.079388,0.045048,-0.035445,0.0077879,0.074476,0.13867,0.0076525,-0.022399,-0.0081573,-0.09623,0.01046,0.17249,-4.8019e-05,0.017965,0.033118,-0.050187,0.18094,0.13729,-0.065,-0.067634,0.0043898,0.010009,-0.097827,-0.0043056,-0.052659,0.21078,-0.046609,-0.023251,-0.071755,0.093028,-0.042509,0.075733,0.0080802,0.036203,0.018881,-0.11261,-0.0045667,0.0086212,0.0039758,0.026406,0.062932,-0.034072,0.0050454,0.13963,0.51354,-0.1385,-0.011751,0.070236,-0.040184,-0.1019,-0.4846,-0.0922,-0.08001,0.0078416,0.014122,0.012111,-0.015687,-0.086072,0.011962,0.0013208,-0.024505,-0.053129,-0.13397,-0.024505,0.026671,0.043651,-0.12778,0.013242,0.34792
-0,0.015996,-0.031869,0.0042826,0.004979,-0.0033071,-0.020811,-0.047875,-0.0035119,-0.076088,0.070102,-0.031321,-0.0034526,0.072321,0.057611,-0.0033926,0.04812,-0.018819,0.054423,-0.042474,0.098815,0.017305,-0.053337,-0.011788,-0.057116,0.0038045,0.029697,0.060241,0.011885,-0.094694,-0.0044371,-0.083221,-0.093798,0.043989,0.082165,-0.035121,-0.025227,0.20038,0.18181,-0.092524,0.039546,-0.0035822,-0.25075,-0.083067,-0.21901,0.29439,-0.089901,0.055218,0.030087,0.029365,-0.076447,-0.086536,0.035281,-0.29735,-0.23012,0.067793,0.13015,-0.12292,-0.20372,0.32004,-0.20168,-0.10077,-0.0034764,-0.0062608,-0.0053691,0.093639,0.022939,-0.0053033,0.0089333,0.14846,-0.076612,-0.090365,0.14846,-0.074407,0.059826,-0.036231,-0.0058704,0.38202
0,-0.0047577,-0.017457,0.0076279,-0.028688,-0.0016246,-0.024622,0.023034,-0.0017252,-0.13252,0.077478,-0.055111,-0.0016961,0.0098031,0.020208,-0.0016666,0.079184,-0.06413,0.018256,0.0010586,0.014984,-3.6645e-05,0.024592,-0.025886,-0.016428,-0.041842,0.035998,-0.067745,0.021482,-0.011967,-0.0021797,0.066995,-0.12476,-0.06132,-0.18488,-0.01077,-0.020364,0.21238,-0.047098,-0.11834,-0.0099105,-0.0017598,0.062499,-0.12992,-0.18647,0.090307,0.11482,-0.033634,-0.054861,0.00777,-0.018321,0.062651,-0.22009,0.47381,-0.28869,-0.0082616,0.046836,0.063986,-0.052244,0.28621,-0.097279,0.042363,-0.0017078,-0.0030756,-0.0026376,-0.0013966,0.027153,-0.0026052,-0.018997,-0.17617,-0.0068984,0.45105,-0.17617,0.0050123,0.044829,-0.039755,-0.0028838,-0.12506
0,-0.0048608,0.086068,-0.0028086,0.016536,0.0062677,0.015519,-0.020346,0.0066557,-0.050322,-0.057886,-0.0040697,0.0065434,0.057599,0.10072,0.0064296,-0.030057,0.02687,0.13423,0.16756,0.0577,0.092941,-0.089791,-0.002486,0.021105,-0.036202,0.13082,-0.025765,-0.24692,-0.038491,0.0084092,-0.17491,-0.049478,-0.13565,0.0081288,-0.02446,-0.020198,-0.21227,0.046588,0.24092,0.15154,0.006789,0.059951,0.028665,-0.043775,0.11991,-0.12136,0.016406,-0.042438,0.037784,-0.0060303,0.091417,-0.011243,-0.14062,-0.081749,0.078962,-0.32418,-0.023884,-0.11833,-0.069965,0.26966,0.13759,0.0065885,0.011866,0.010176,-0.18742,-0.028372,0.010051,0.10854,0.15912,-0.00423,0.4663,0.15912,-0.066427,0.07686,-0.12322,0.011126,0.057624
0,0.029873,-0.030786,-0.020899,0.017384,-0.0025433,0.0044808,-0.062798,-0.0027007,0.018482,-0.0093328,-0.011254,-0.0026551,0.0034394,-0.031726,-0.002609,0.077879,-0.1104,0.16057,-0.096537,-0.04692,0.10075,-0.10973,-0.013165,-0.03064,-0.2363,-0.062204,0.13169,0.13797,-0.084167,-0.0034122,0.097669,0.026661,0.17928,0.056046,0.14887,-0.040975,-0.14142,-0.080071,0.42707,-0.048556,-0.0027548,-0.20072,0.042523,-0.065294,0.33424,-0.052925,0.053748,-0.024746,-0.15797,-0.027737,0.1175,0.059758,0.23897,-0.086733,0.1209,-0.17917,0.1059,-0.024016,0.014254,0.071665,0.13782,-0.0026734,-0.0048147,-0.0041289,0.0038798,-0.093307,-0.0040783,-0.057862,-0.1662,-0.0081609,-0.27777,-0.1662,-0.12598,0.10141,0.059353,-0.0045145,0.0050764
-0,0.0081393,-0.0016835,-0.005344,0.0088496,-0.00079267,-0.0011515,-0.048058,-0.00084174,-0.053145,0.011797,-0.0012281,-0.00082753,-0.00071928,0.0048031,-0.00081315,0.043983,0.0075822,0.076521,-0.035236,0.037545,0.013361,-0.047085,-0.0211,-0.010182,0.081928,0.032354,0.018715,-0.12072,-0.06385,-0.0010635,-0.14881,-0.12087,-0.0046822,0.033405,-0.07689,-0.009918,-0.053796,0.2272,-0.017959,0.064773,-0.00085859,-0.11056,0.058068,0.044982,0.066058,-0.090157,0.066973,0.055911,0.077327,0.018108,-0.09424,0.1064,0.079676,0.60025,0.065951,-0.011808,-0.26181,0.016048,0.1607,0.0135,-0.11239,-0.00083324,-0.0015006,-0.0012869,0.073633,0.0062263,-0.0012711,0.016008,-0.36548,0.014654,0.15591,-0.36548,-0.067536,-0.0039511,-0.034565,-0.001407,0.073459
0,-1.1917e-15,2.4283e-16,7.7653e-16,-1.2758e-15,1.1598e-16,1.5681e-16,6.9942e-15,1.009e-16,7.7126e-15,-1.6478e-15,1.8232e-16,1.1682e-16,1.414e-16,-6.843e-16,1.0742e-16,-6.4424e-15,-1.1311e-15,-1.1119e-14,5.1566e-15,-5.4254e-15,-1.9187e-15,6.8396e-15,3.0609e-15,1.454e-15,-1.2012e-14,-4.6853e-15,-2.7003e-15,1.7601e-14,9.2599e-15,1.5315e-16,2.1688e-14,1.7592e-14,7.1744e-16,-4.8394e-15,1.1252e-14,1.447e-15,7.8649e-15,-3.3091e-14,2.6283e-15,-9.431e-15,1.2952e-16,1.6052e-14,-8.4964e-15,-6.635e-15,-9.4886e-15,1.3109e-14,-9.7294e-15,-8.1253e-15,-1.132e-14,-2.6866e-15,1.3681e-14,-1.5542e-14,-1.1591e-14,-8.7814e-14,-9.5848e-15,1.766e-15,3.8176e-14,-2.4378e-15,-2.3291e-14,-2.0456e-15,1.6393e-14,1.1748e-16,2.1536e-16,1.8878e-16,-1.0742e-14,-8.8422e-16,1.8168e-16,-2.3137e-15,0.70711,-2.1978e-15,-2.2734e-14,-0.70711,9.8147e-15,6.2194e-16,5.0203e-15,2.0082e-16,-1.0579e-14
0,0.089276,0.22592,-0.051046,0.56646,-0.028541,0.20878,-0.14824,-0.030308,0.19181,0.0013865,0.0070815,-0.029796,-0.36241,0.34907,-0.029278,0.1287,-0.015906,-0.052162,-0.06222,0.055749,-0.050843,-0.029743,-0.097713,-0.035263,-0.03731,-0.0042886,-0.047722,-0.10185,-0.041583,-0.038293,-0.11404,-0.085112,-0.054989,-0.069977,-0.045596,-0.09302,-0.064276,-0.035038,-0.008032,-0.058665,-0.030915,-0.069043,-0.064276,-0.064276,-0.069043,-0.040804,-0.052737,-0.097044,-0.010912,-0.051916,-0.071763,-0.097909,-0.069977,-0.069977,-0.027881,0.025571,0.0039819,-0.089149,-0.0093972,-0.049062,-0.027202,-0.030002,-0.054032,-0.046336,-0.094925,0.0083964,-0.045768,-0.10909,-0.069977,-0.025629,-0.10059,-0.069977,-0.029202,-0.063139,-0.045436,-0.050663,-0.14477
0.94166,0.018981,0.047597,0.0088794,0.0069359,0.010491,-0.010489,-0.00028912,0.01114,-0.1146,0.01629,-0.11908,0.010952,-0.11818,0.0065624,0.010761,0.0066996,0.0089117,-0.12608,0.017502,-0.10177,0.00981,0.033721,0.010806,0.0093056,0.0094426,6.025e-05,0.009045,0.011076,0.0053751,0.014075,0.010489,0.011058,0.005125,0.030984,0.010447,0.011921,0.0047661,0.011135,0.028523,0.0046477,0.011363,0.0048758,0.0047661,0.0047661,0.0048758,-0.08268,0.0067037,0.013875,0.01049,0.0099329,0.016736,0.010017,0.030984,0.030984,0.0088618,0.010414,0.0099161,0.011995,0.03336,0.010588,0.009562,0.011027,0.01986,0.017031,0.016726,-0.084305,0.016822,0.011106,0.030984,-0.11843,0.011076,0.030984,0.012119,0.010664,0.018255,0.018621,0.010493
0,0.031078,0.28413,0.021219,-0.10002,0.0079657,0.010713,0.40242,0.0084588,0.35324,0.024032,-0.083445,0.008316,0.094238,-0.14902,0.0081714,0.30295,-0.080236,0.0015593,-0.0096778,0.10607,-0.35328,0.04781,-0.18887,0.064411,-0.086652,-0.15465,-0.036604,0.065214,-0.015995,0.010687,-0.014062,-0.004992,-0.033811,-0.042675,-0.074093,-0.076714,0.047178,-0.059988,0.049418,0.035795,0.0086281,0.031721,0.047178,0.047178,0.031721,-0.33005,0.062504,0.12763,0.092168,0.10227,-0.029616,-0.047228,-0.042675,-0.042675,-0.0054772,0.0014422,-0.018729,0.019098,0.022833,0.008561,0.082391,0.0083733,0.01508,0.012932,-0.072692,0.067982,0.012774,0.024755,-0.042675,-0.14565,0.059248,-0.042675,0.021409,0.014092,0.17251,0.01414,0.067141
