0.00030725,0.001154,2.5839e-17,0.0053551,1.3339e-17,-4.2159e-17,-0.037009,0.16143,-4.4406e-16,-0.079095,0.006624,-0.009665,0.37962,-0.047609,1.8546e-15,0.38295,-0.10958,0.0020473,8.2504e-16,0,0.00088813,8.3224e-17,0.00023034,0.0054589,-0,0,0,0,0,0,0,0,0,0,0,0,0,0,0,0,0,0,0,0,0,0,0,0,0,0,0,0,0,0,0,0,0,0,0,0,0,0,0,0,0,0,-0,0.81307
0.0011764,0.0043629,-2.7134e-18,0.0055345,2.5662e-17,-4.6547e-16,-0.073524,0.28902,-1.136e-15,-0.13887,0.000624,-7.4152e-05,-0.077501,0.01758,4.1603e-16,-0.012832,0.23029,0.0026504,2.4897e-15,1.7764e-15,0.00065256,-4.8751e-17,0.00012194,0.28267,-0.41785,0.62752,-0.082117,0.27107,-0.12736,0.14352,0.10499,-0.041407,-0.037702,-0.046516,-0.0697,-0.020988,0.039431,0.02595,0.023418,-0.0070188,-0.045583,-0.035016,0.019089,-0.052564,0.058398,-0.031705,-0.098734,-0.04836,0.028662,-0.0069658,0.048923,-0.022666,0.0010187,0.015547,-0.062362,0.015096,-0.04524,0.011945,0.0098661,0.01886,-0.0062976,-0.014816,0.039984,0.0048874,-0.054367,-0.033366,0.052619,-0.0018978
-2.498e-16,-4.4409e-16,-0.0077799,3.8858e-16,0.017345,-0.27149,-1.2212e-15,-8.8818e-16,0.22383,9.8532e-16,4.4114e-15,-1.6727e-15,1.9706e-15,-1.936e-15,-0.12786,-4.9726e-15,1.3279e-15,-1.7596e-14,0.42194,0.10303,3.6601e-14,-0.040221,-3.009e-14,-0.34866,-0.089479,0.03752,-0.63357,0.065803,0.17752,-0.12804,0.078511,-0.14144,0.0049771,-0.069749,-0.13847,0.03159,0.030609,8.4934e-05,-0.031424,0.046532,-0.048746,0.071809,-0.059636,0.057767,-0.027858,0.025011,0.048185,0.004849,-0.055716,-0.032652,-0.0068812,0.034906,-0.020899,-0.021268,-0.0045627,-0.031744,0.024664,-0.00075982,-0.0036531,0.011481,-0.01891,0.015195,-0.026815,0.022492,-0.012393,0.031624,-0.0043169,0.0023409
0.0065902,0.0014763,2.7743e-17,-0.00022952,-2.8208e-17,-2.2353e-16,0.264,0.075233,-4.375e-16,0.013069,-0.3518,-0.028623,-0.015526,-0.12519,7.848e-16,0.0021303,0.0022747,0.11547,1.3102e-15,5.2789e-14,-0.19262,2.3994e-16,0.053357,-0.12486,-0.026381,-0.14272,-0.12023,-0.0529,-0.52216,0.29048,-0.26906,-0.13671,0.119,0.035428,-0.022313,0.02973,0.15537,-0.052057,0.025857,0.03029,-0.031774,-0.001367,-0.055466,0.13456,-0.0445,0.10336,-0.076297,-0.006773,-0.018512,-0.029787,0.17962,-0.033687,0.063409,-0.0161,-0.10795,-0.063681,0.00024115,-0.013599,0.023934,0.084013,0.0052018,-0.044772,0.10119,0.032306,-0.041773,-0.01192,0.25498,0.00083831
0.0034155,0.0011269,-1.1127e-16,-0.00014449,1.9877e-17,6.2223e-16,0.13743,0.037781,6.4148e-16,0.0048205,0.049804,0.42065,0.014252,0.040726,1.2607e-16,0.0016276,0.0041917,-0.27697,-5.7174e-15,-2.8286e-14,0.035292,7.8505e-16,0.010527,0.38529,-0.34026,-0.095187,-0.065469,-0.41969,0.23361,-0.070322,-0.14191,-0.1333,0.15871,0.083685,0.069284,0.0031883,0.065322,-0.029755,-0.060757,0.074561,-0.078348,0.050201,-0.049963,0.16046,-0.073728,0.15576,0.069173,0.028756,-0.048934,-0.041879,0.069999,0.016477,0.022431,-0.050813,-0.062125,-0.088833,0.012371,-0.021195,0.05369,0.084296,-0.071166,0.010742,-0.03589,0.049735,-0.027272,0.0213,0.025213,-0.0025868
0,0,-0.0061667,-1.7347e-18,0.025562,-0.26004,4.4409e-16,-2.7756e-17,0.20378,-1.7764e-15,-1.6272e-15,-4.4409e-16,-5.5511e-16,3.2752e-15,0.3207,-2.7756e-16,-6.0368e-16,5.316e-15,-0.17296,-0.024169,-2.3291e-15,0.0057319,-6.0215e-16,-0.0017984,0.0054167,0.048359,0.080166,0.05716,-0.044609,-0.0020672,-0.11152,0.0051621,0.069244,-0.61431,0.20501,0.10749,0.18431,-0.085467,-0.062537,0.20006,-0.18793,0.13037,0.053402,-0.056366,0.045763,0.13592,0.12017,0.096956,0.013812,0.018314,-0.14527,-0.0025752,0.046231,0.02988,0.14006,0.011097,0.14522,-0.023793,-0.094706,-0.0066809,-0.076707,0.00090746,-0.13357,0.016558,0.069473,0.043579,0.027166,1.2074e-05
6.1664e-19,2.1481e-18,-0.0037489,-1.7839e-18,0.01156,-0.22152,8.8818e-16,1.6653e-16,-0.22762,1.8319e-15,2.3112e-16,9.3935e-16,2.2204e-16,-1.5821e-15,-0.066383,-1.6653e-16,-1.4641e-15,-1.2096e-14,-0.079765,0.18983,4.2694e-14,0.094746,2.6841e-15,-0.064306,-0.15975,0.026274,-0.090974,-0.20206,-0.24698,0.032622,-0.20372,0.085033,-0.082151,0.19056,-0.0059749,-0.048592,0.047652,0.055192,-0.20666,-0.01371,-0.14841,-0.10784,-0.034903,-0.068333,0.38765,-0.20805,0.19796,0.12389,-0.12873,-0.089163,-0.35773,0.011147,-0.0041932,-0.068854,0.049117,0.14623,0.056077,0.08574,0.054015,-0.11271,0.039203,0.039547,-0.099326,-0.064301,0.010124,-0.062322,-0.20796,0.00043175
0.0011552,0.0042839,-1.143e-17,0.0054343,3.4414e-18,-4.0631e-17,-0.072194,0.28379,-5.5785e-16,-0.13635,0.00061271,-7.281e-05,-0.076099,0.017262,-6.7921e-16,-0.012599,0.22612,0.0026024,-1.2018e-15,1.0304e-15,0.00064075,1.0529e-15,0.00011974,-0.17258,0.021577,-0.14191,0.16242,-0.25571,0.063537,0.24558,0.026602,-0.064205,-0.12942,-0.18463,-0.21116,0.15817,-0.24554,-0.05068,-0.12924,0.026681,-0.19785,0.21893,-0.0029836,-0.010258,-0.02553,-0.10086,-0.15363,-0.15025,-0.086474,-0.16589,0.14909,0.01639,0.010682,0.071012,-0.10576,-0.20309,0.045464,0.065638,0.033022,-0.24237,-0.018141,0.0874,0.02578,-0.029587,-0.11472,0.014472,-0.27896,0.0011587
7.443e-05,0.00028388,-1.735e-17,0.0025003,1.3667e-17,2.5892e-17,-0.010161,0.045456,2.2771e-16,-0.015929,0.0032256,-0.0052649,0.27187,-0.042289,-2.4975e-16,-0.29397,0.015554,-0.00025441,-6.2552e-16,-1.027e-15,-5.8379e-06,-2.309e-15,1.2054e-05,0.12831,0.017184,-0.085912,-0.096229,0.13598,-0.13352,-0.18334,-0.005313,0.18193,0.36675,0.0015663,-0.065992,0.22641,-0.15678,-0.069691,0.2333,-0.071419,-0.38087,-0.19229,0.0036405,0.016513,-0.13062,0.078086,-0.11369,-0.033354,0.019403,-0.12524,-0.1722,-0.032064,-0.041846,-0.035548,-0.026103,-0.12857,-0.074142,0.019308,0.047977,-0.017412,0.174,-0.18444,0.00062854,-0.14089,0.021746,-0.001123,-0.20008,-0.00086145
5.3611e-19,2.2789e-18,-0.0039371,-1.8641e-18,0.012141,-0.23265,2.6005e-16,-6.9145e-17,-0.23905,1.2108e-15,2.2204e-16,-2.2204e-16,-1.0061e-16,-2.276e-15,-0.069716,-1.8735e-16,-1.6653e-15,-1.4336e-14,-0.08377,0.19936,4.8954e-14,0.099504,7.0636e-16,-0.057404,0.23367,0.18406,0.18467,0.090987,0.14416,-0.023439,0.042447,-0.043285,0.27896,-0.018349,-0.2028,-0.21618,0.20081,-0.050852,0.27395,0.14684,0.068839,0.070554,-0.12835,0.17332,0.20108,0.16363,0.020752,0.12221,-0.153,-0.10964,0.21236,0.017552,0.11024,-0.071118,-0.1246,-0.036243,0.099344,-0.021145,0.05466,0.067217,0.090564,0.027236,0.073656,0.099413,-0.087027,0.094109,-0.22396,0.00038541
0.00053284,0.0019581,3.3307e-16,-0.00014834,4.3368e-18,-1.3272e-16,0.024909,0.0001254,1.0092e-16,-0.0073763,0.070646,-0.10221,0.060276,0.46539,-4.7608e-15,-0.0099769,-0.014721,0.18575,-4.2035e-16,2.8026e-14,-0.05274,-1.2654e-15,0.041599,0.27281,0.53335,0.28485,-0.16691,-0.23545,-0.024454,0.15,0.042702,-0.20789,0.098131,0.041662,-0.045715,0.10277,-0.020306,0.016391,-0.16375,0.023993,-0.1028,-0.018095,-0.019626,0.1057,-0.083333,-0.06581,0.077218,-0.02292,-0.016692,0.0051677,-0.086898,0.034701,-0.056034,-0.041093,0.034627,-0.023976,-0.025223,-0.0016406,0.030182,0.031796,-0.058603,0.010745,-0.047247,-0.038972,0.0097056,-0.040281,0.11544,-0.0018316
0.00057248,0.0021218,1.3878e-17,0.0024189,4.8572e-17,-1.29e-17,-0.023811,0.077473,1.5312e-15,0.22335,0.0077667,-0.0082513,0.28908,-0.038799,-4.1607e-16,-0.25778,0.079785,0.00039758,-1.6981e-15,-5.8295e-16,0.00010343,8.1623e-16,2.0811e-05,-0.097232,-0.13334,-0.16381,0.17831,0.025669,0.11785,0.36395,0.37318,-0.42829,-0.16664,0.054362,-0.031473,0.0068765,0.056303,0.0021582,0.14862,0.13861,-0.11426,-0.11411,-0.043869,0.05811,0.065982,0.026001,0.13419,0.075007,0.048821,0.053057,-0.18459,0.0001485,-0.0214,-0.080543,0.024067,0.1008,-0.055828,0.00334,0.020249,0.11311,0.0141,-0.066863,-0.068453,0.0084595,0.069455,-0.0035089,0.078225,0.00065281
-8.1147e-20,-4.3731e-19,-0.0066038,-2.4247e-19,0.016692,-0.1091,8.1993e-17,-1.0134e-16,0.31918,-2.0728e-15,5.9674e-16,4.0037e-15,-6.9823e-17,-6.6162e-15,-0.49431,2.6663e-15,-1.4849e-15,1.8275e-14,-0.35592,-0.1085,-2.1212e-14,0.080838,-3.8167e-15,-0.031625,-0.028598,0.0056232,-0.13216,-0.1882,0.0071232,0.32866,0.28119,0.45715,0.089942,-0.019588,0.071888,-0.046625,0.064597,0.033043,0.029536,0.00011385,0.053007,0.016155,-0.016243,-0.0022772,-0.069478,0.066614,0.040151,0.04251,-0.023937,0.017713,-0.00021797,-0.0071752,-0.00076265,0.010976,0.014994,0.0063574,0.028587,-0.028332,-0.0059284,0.05403,0.0044726,-0.0090053,-0.0039181,-0.0032011,0.025708,0.02122,-0.024382,0.00021233
7.443e-05,0.00028388,1.3722e-18,0.0025003,3.4694e-18,-2.6936e-17,-0.010161,0.045456,2.0962e-16,-0.015929,0.0032256,-0.0052649,0.27187,-0.042289,-3.6661e-16,-0.29397,0.015554,-0.00025441,-2.7663e-15,-3.057e-16,-5.8379e-06,1.9102e-15,1.2054e-05,-0.21751,0.12652,0.35263,-0.0042229,-0.27235,0.097957,-0.073295,-0.27827,0.088185,-0.43861,0.10039,0.26178,-0.06248,0.10882,-0.040775,0.11813,-0.05657,-0.046657,0.034635,-0.0028435,-0.12918,-0.095575,0.24997,-0.10867,0.025484,0.053345,-0.043335,0.053932,-0.074075,0.068495,0.016109,-0.13587,-0.022677,-0.03095,0.047902,0.027543,-0.0075011,0.01407,-0.1354,-0.0078969,0.033737,0.0088318,0.048926,-0.010844,0.0014604
3.8747e-19,2.0483e-18,-0.0077243,-1.6855e-18,0.017221,-0.26955,2.3584e-16,-1.3048e-16,0.22224,-1.6374e-15,-1.0408e-15,-6.6613e-16,-1.249e-16,-1.3323e-15,-0.12695,8.3267e-16,4.996e-16,-1.7694e-14,0.41893,0.1023,6.016e-15,-0.039934,1.8235e-14,0.52953,0.14573,-0.23127,0.12288,0.089808,-0.17519,0.090293,-0.046786,0.10738,-0.36178,-0.043647,-0.085421,-0.031332,0.037308,0.07857,0.10514,-0.052685,0.019096,0.082852,-0.067939,-0.082132,0.036623,0.11159,0.037958,0.091469,-0.0096488,0.003404,0.037134,-0.031365,0.014915,0.030621,-0.024299,0.055302,0.019251,0.022424,0.020612,-0.0058093,0.076463,-0.039106,0.060606,0.023305,0.02109,0.051631,-0.12285,-0.0035552
0.001171,0.0043427,4.9535e-18,0.0055089,7.3934e-18,-1.5417e-16,-0.073185,0.28769,-7.7899e-16,-0.13822,0.00062112,-7.3809e-05,-0.077143,0.017499,1.1684e-16,-0.012772,0.22923,0.0026381,-2.9645e-16,2.3249e-15,0.00064954,-8.446e-16,0.00012138,0.11294,0.19878,-0.26968,-0.22075,0.099969,0.026085,-0.027523,0.11823,-0.048304,0.055469,0.15186,0.40572,-0.26791,0.089163,-0.36785,0.049912,0.013851,-0.012786,-0.071657,0.19429,-0.023599,0.2244,-0.018507,-0.16646,-0.085689,0.06314,0.0018407,-0.032411,-0.031691,0.15972,-0.050523,-0.034055,-0.025244,0.052672,0.037679,-0.019713,-0.093788,-0.13048,0.022229,-0.12955,0.098534,-0.01835,-0.027572,-0.0081439,-0.00075824
0.0021697,0.0080267,2.5288e-17,0.0050584,-1.5263e-17,-3.3307e-16,-0.091855,0.31911,5.0754e-16,0.092916,-0.00047827,0.0032151,-0.13993,0.012461,-3.6549e-16,-0.10636,-0.42794,-0.0084123,1.5355e-15,-1.728e-15,-0.0026924,3.1783e-16,-0.00062431,-0.0038307,-0.01526,0.039439,0.08065,-0.1189,-0.13557,-0.25111,0.19167,0.18053,-0.14024,0.035252,-0.2392,-0.059108,-0.20094,-0.18853,0.094666,0.091438,-0.14763,0.081426,0.022427,0.13507,0.11231,0.053312,0.065037,0.044158,-0.0268,-0.038213,-0.041543,0.042986,0.037821,-0.039224,-0.026392,-0.024342,0.1166,0.046856,-0.05785,-0.089911,-0.054802,-0.011164,-0.079386,0.08077,-0.040503,0.061836,0.43727,2.5719e-05
0.00053284,0.0019581,-1.4639e-17,-0.00014834,2.0391e-17,-2.2204e-16,0.024909,0.0001254,2.1473e-17,-0.0073763,0.070646,-0.10221,0.060276,0.46539,-5.324e-15,-0.0099769,-0.014721,0.18575,2.4826e-15,2.7311e-14,-0.05274,3.2386e-15,0.041599,-0.075561,-0.3084,-0.092484,0.083632,-0.041225,-0.2156,-0.17098,-0.0045554,0.056268,-0.14145,0.00034528,-0.088346,-0.18521,0.17966,-0.25353,0.067546,0.18945,0.13105,0.048064,-0.019991,0.1288,-0.26421,-0.089002,-0.102,-0.055052,0.069169,0.099411,-0.019689,0.092565,-0.073983,-0.14298,0.020751,-0.092134,0.011753,-0.13129,-0.017933,0.088502,-0.048172,0.004801,-0.071441,-0.044976,0.13411,-0.0069479,-0.29851,0.00050731
0.00080444,0.0029683,1.4501e-18,-0.00021698,1.7716e-17,-1.4745e-16,-0.02177,0.050329,2.2989e-15,0.38824,0.0072482,-0.0046596,0.018638,0.0070949,5.4423e-16,0.068647,0.10354,0.0010651,-7.915e-16,6.4581e-16,0.00017725,9.548e-18,1.3778e-05,0.040493,0.006304,0.0095575,-0.014545,0.065901,0.0059619,-0.010695,-0.015109,0.049297,-0.045761,-0.03026,0.09876,-0.0057102,-0.055436,-0.10396,-0.14215,-0.012851,0.10488,0.092959,0.066429,-0.014229,0.0023125,-0.084573,0.048566,0.07352,-0.19115,-0.36716,0.19591,0.1759,0.14638,-0.17515,-0.032122,-0.008407,-0.2429,0.036734,-0.33391,0.1704,0.13673,-0.17981,-0.1852,-0.37887,-0.093543,0.038297,0.033885,-0.00027187
7.7674e-05,0.00029625,1.0754e-18,0.0026092,1.1765e-17,-8.0599e-17,-0.010604,0.047437,-2.2204e-16,-0.016623,0.0033662,-0.0054944,0.28372,-0.044132,-6.4376e-17,-0.30678,0.016232,-0.0002655,-1.1406e-15,-3.5273e-16,-6.0923e-06,-8.5537e-16,1.258e-05,0.062647,-0.010465,-0.043144,-0.0094155,0.10898,0.055812,0.02827,-0.096958,0.10069,-0.045078,-0.23711,-0.10805,-0.11647,0.077329,0.00059938,-0.2213,-0.21504,0.34499,-0.18154,0.21348,0.27833,0.046054,-0.06808,0.054728,0.013154,-0.13046,-0.11197,0.0032106,0.031853,-0.057325,0.0096938,0.034491,-0.23766,0.014731,-0.063231,0.31455,-0.11181,0.018768,0.25105,-0.10183,-0.042696,-0.015048,0.054052,0.15342,-0.00042061
0.00082727,0.0030526,1.9772e-18,-0.00022313,1.9429e-17,-1.1891e-16,-0.022388,0.051757,2.329e-15,0.39926,0.0074539,-0.0047918,0.019167,0.0072962,6.6613e-16,0.070596,0.10648,0.0010953,-7.2078e-16,7.2923e-16,0.00018228,4.2685e-16,1.4169e-05,0.003942,0.027886,0.00065461,-0.022914,0.0036649,-0.011116,0.0039784,-0.0645,0.044901,0.12589,0.05598,-0.11652,-0.09633,-0.0013601,-0.060759,-0.17753,0.056269,-0.1192,0.052465,0.057979,-0.19118,0.051608,0.066415,-0.24353,0.29671,0.17388,0.065215,0.0858,-0.00043579,-0.38051,0.1787,-0.12907,0.11223,-0.15411,-0.2877,0.16388,-0.13173,-8.6855e-06,0.028636,-0.20973,0.16568,-0.0055539,0.22488,0.0028623,-2.6466e-05
2.9006e-19,2.1005e-18,-0.0062111,-1.7081e-18,0.025746,-0.26191,2.4841e-16,-1.1611e-16,0.20525,-1.6062e-15,-1.6304e-15,-6.2161e-16,-4.7795e-16,3.4789e-15,0.32301,-4.4127e-16,-7.4044e-16,5.618e-15,-0.1742,-0.024343,-3.213e-15,0.0057732,-5.1594e-17,-0.019534,-0.0005725,-0.050685,0.050187,-0.011223,0.10175,0.061092,-0.0088185,-0.0068803,0.06414,0.17763,-0.36874,-0.28948,0.17448,-0.048218,-0.11863,-0.49735,-0.076432,-0.0039503,-0.065118,-0.13685,-0.056952,0.067525,0.019075,-0.24824,0.074234,0.032786,-0.0677,0.009782,0.0024449,-0.027852,-0.034918,-0.050596,-0.026885,0.04787,-0.15182,0.05252,-0.08423,-0.1622,-0.043481,0.017815,-0.059916,-0.025752,0.026403,0.00013115
7.3324e-05,0.00027966,-3.1946e-20,0.0024631,1.4357e-17,-4.1906e-17,-0.01001,0.044781,5.4962e-17,-0.015692,0.0031776,-0.0051867,0.26783,-0.041661,-2.0277e-16,-0.2896,0.015323,-0.00025063,-7.7716e-16,-6.6613e-16,-5.7511e-06,6.6613e-16,1.1875e-05,0.070455,0.0012556,-0.035587,-0.036348,0.0080311,-0.040281,-0.090924,0.029506,0.034649,0.19063,0.017141,-0.056318,-0.085148,-0.09353,0.083954,-0.28321,0.20492,0.23337,0.41412,-0.32314,-0.063796,0.16693,-0.11018,-0.11761,-0.051831,0.12457,0.21323,0.0045084,-0.21634,0.23158,0.099355,-0.03787,0.0411,0.010725,-0.031004,-0.063579,-0.041412,0.0093112,-0.13475,0.008348,-0.12543,0.074437,-0.14473,0.051337,-0.00047303
0.0021887,0.008097,2.2186e-17,0.0051026,-1.1491e-17,-2.428e-16,-0.092659,0.32191,5.8653e-16,0.093729,-0.00048246,0.0032432,-0.14115,0.01257,-1.0416e-15,-0.10729,-0.43168,-0.008486,9.0206e-16,-2.9976e-15,-0.002716,-6.6613e-16,-0.00062978,0.0023708,0.02338,-0.023039,-0.10152,0.017659,0.15586,0.21729,-0.26197,-0.021539,0.044096,-0.14675,-0.057898,0.010539,-0.10887,0.068773,-0.083586,0.037063,0.12362,-0.25547,0.2088,0.10651,0.066724,0.016273,-0.062699,0.0079239,0.19599,0.15451,0.070289,-0.055144,0.051028,-0.020081,-0.1029,0.17405,-0.07747,0.033621,-0.099293,0.17761,-0.08001,-0.13166,0.073899,-0.020687,0.084164,-0.081516,-0.32627,-1.5918e-05
0.0021512,0.0079583,2.0243e-17,0.0050152,-5.7788e-18,-2.0588e-16,-0.091072,0.31639,6.8695e-16,0.092124,-0.0004742,0.0031877,-0.13873,0.012355,-1.256e-15,-0.10545,-0.42429,-0.0083406,1.2326e-16,-3.0103e-15,-0.0026695,-2.2838e-16,-0.00061899,0.0014515,-0.0083956,-0.016337,0.021944,0.10196,-0.021847,0.032192,0.073207,-0.16017,0.096586,0.11375,0.30016,0.048894,0.31343,0.12018,-0.010437,-0.12993,0.023126,0.17779,-0.23505,-0.24459,-0.18116,-0.070327,-0.0018045,-0.0526,-0.17238,-0.11866,-0.029614,0.012749,-0.090063,0.059992,0.13131,-0.15253,-0.03878,-0.081465,0.15937,-0.090024,0.13668,0.14521,0.0048815,-0.060417,-0.044779,0.020568,-0.10908,-9.7453e-06
6.0874e-19,2.1589e-18,-0.0037743,-1.7941e-18,0.011639,-0.22302,2.5897e-16,-6.0132e-17,-0.22916,1.1692e-15,5.3997e-16,1.3028e-16,-9.0605e-17,-1.6818e-15,-0.066833,2.0256e-17,-1.1244e-15,-1.2629e-14,-0.080305,0.19111,4.6304e-14,0.095388,6.7333e-16,0.012355,-0.038179,-0.032327,-0.016818,-0.1946,-0.21863,-0.21175,0.36529,-0.17946,-0.0007357,-0.17314,0.016908,0.20093,-0.071761,-0.058801,-0.21844,-0.16197,0.25448,-0.24606,0.021534,-0.27225,-0.065514,0.33035,-0.10343,-0.012359,0.05382,-0.01724,0.1548,-0.0029221,0.068049,-0.052673,0.021419,0.046862,-0.033927,0.040924,0.030065,-0.032324,-0.042934,-0.037673,0.067031,0.034196,0.11505,-0.0095418,-0.019083,-8.2953e-05
4.5226e-19,2.3367e-18,-0.0039809,-1.8876e-18,0.012276,-0.23524,2.631e-16,-7.0208e-17,-0.24171,1.2196e-15,6.3909e-16,1.499e-16,-7.8911e-17,-1.7864e-15,-0.070493,2.1623e-17,-1.0533e-15,-1.3232e-14,-0.084703,0.20158,4.8754e-14,0.10061,1.0588e-15,0.055721,-0.0024265,-0.082222,-0.028756,0.18353,0.20081,0.14629,-0.17491,0.10011,-0.048489,0.14528,-0.14577,-0.016084,-0.013381,-0.11475,-0.054279,0.40791,-0.0076113,0.013634,0.26646,-0.27146,-0.33922,0.07202,0.064213,-0.15404,-0.094053,0.010838,-0.073977,-0.095081,0.010501,0.083233,0.14106,-0.082112,-0.093448,0.0081584,0.042104,-0.058447,0.0089872,-0.019639,0.089034,-0.036803,-0.04738,-0.15263,0.22209,-0.00037411
4.5087e-19,2.329e-18,-0.0039662,-1.8818e-18,0.01223,-0.23436,2.766e-16,-6.3111e-17,-0.24081,1.2399e-15,5.6691e-16,1.3017e-16,-7.8212e-17,-1.7404e-15,-0.070231,2.2214e-17,-1.1617e-15,-1.3142e-14,-0.084389,0.20083,4.8413e-14,0.10024,1.5669e-15,0.038322,-0.018222,-0.08426,-0.035812,0.0039047,0.0042466,-0.0092404,0.0069588,-0.036813,-0.043208,-0.20771,0.19742,-0.2921,-0.14348,0.386,0.11953,-0.1049,-0.10957,0.0092288,-0.12132,0.23684,-0.27755,-0.20661,-0.33446,0.027559,0.032311,0.019376,-0.082583,0.05829,-0.071942,0.074505,-0.046575,0.046194,-0.049835,0.1431,-0.15524,-0.015292,-0.11614,-0.012632,-0.11646,0.020115,-0.05101,0.081884,0.14986,-0.00025729
0.00030725,0.001154,2.7034e-17,0.0053551,3.3725e-17,-1.6653e-16,-0.037009,0.16143,-6.9389e-16,-0.079095,0.006624,-0.009665,0.37962,-0.047609,2.0817e-15,0.38295,-0.10958,0.0020473,1.3253e-15,-3.4694e-18,0.00088813,-1.5266e-16,0.00023034,-0.0049306,0.041378,-0.071036,0.043144,-0.014367,0.075356,-0.14537,0.11794,0.12459,-0.1033,-0.046008,-0.039454,0.10237,0.35262,0.06939,-0.17255,0.091188,-0.22658,-0.13333,-0.0078562,0.056792,0.062831,-0.16625,-0.14595,-0.031979,0.021427,-0.018871,0.1145,-0.052607,0.036768,-0.0099254,-0.093127,0.059147,-0.10252,0.0086774,0.060799,0.11896,0.010101,0.017005,0.14253,-0.0075467,-0.07104,-0.11824,0.073389,-0.41678
0.0065902,0.0014763,6.0497e-17,-0.00022952,4.5855e-18,2.3506e-16,0.264,0.075233,-4.7575e-16,0.013069,-0.3518,-0.028623,-0.015526,-0.12519,2.4286e-17,0.0021303,0.0022747,0.11547,-1.0096e-15,5.2649e-14,-0.19262,-4.6187e-16,0.053357,0.093982,0.026187,0.079314,0.034139,-0.011312,0.2093,-0.1071,0.083033,0.013402,-0.072643,-0.058527,0.042783,-0.13918,-0.18404,-0.2698,-0.14312,0.018594,-0.056728,-0.19975,-0.21057,-0.1107,-0.10735,-0.098223,0.072171,-0.01225,-0.13019,0.13466,-0.116,-0.044376,-0.038046,0.23095,-0.15886,0.023153,0.15253,0.028132,-0.055632,0.26299,0.14667,0.24831,0.022308,-0.13497,0.043214,0.16394,-0.097656,-0.00063099
0.0098457,0.039909,-6.232e-18,0.99895,1.0392e-17,7.2858e-17,0.0053427,-0.018453,-7.2858e-17,0.0031045,-0.00013425,0.00015938,-0.0053665,0.0006688,2.7756e-17,0.00027179,8.1558e-05,-6.8893e-06,-1.3878e-16,-4.8572e-17,-2.5177e-06,-6.0715e-18,-5.5025e-07,1.1102e-16,-5.5511e-17,0,2.9143e-16,-5.5511e-17,-6.6613e-16,1.1102e-16,-9.7145e-17,-6.9389e-17,-4.1633e-17,4.1633e-17,-1.3878e-17,-4.1633e-17,-1.4919e-16,5.5511e-17,1.3878e-17,-2.7756e-17,-8.3267e-17,6.245e-17,-6.9389e-18,1.1102e-16,-6.9389e-18,-2.7756e-17,-1.3878e-17,2.0817e-17,7.9797e-17,-1.3878e-17,-1.9082e-17,-2.2551e-17,-3.4694e-17,1.7347e-17,-9.0206e-17,6.9389e-18,1.3878e-17,3.4694e-18,-3.6429e-17,6.9389e-18,1.7347e-17,-5.3776e-17,-3.8164e-17,-8.6736e-18,-3.4694e-18,1.5613e-17,5.5511e-17,-1.0322e-16
0.0015959,0.0030985,-2.2841e-17,-0.00024945,4.9997e-17,1.1102e-16,0.14427,0.03431,1.6653e-16,-0.0021519,0.12534,-0.27081,-0.0018243,0.038446,-1.1883e-15,-0.00012786,0.0024674,-0.34629,-1.2459e-14,3.4764e-14,-0.25777,-4.996e-16,-0.17241,0.0079046,0.0036563,-0.0095025,0.00076848,0.021402,0.018881,0.017393,-0.010857,0.0034391,0.048535,0.031629,-0.040068,-0.0035425,0.0097586,0.0080094,-0.025606,0.034279,0.078479,0.11189,0.024829,-0.077643,-0.094046,-0.071991,-0.0030744,0.025236,0.44916,-0.49624,-0.1338,0.0077681,0.031967,-0.036123,-0.097649,0.085215,0.19633,0.13239,0.089711,0.1599,0.0028293,0.1438,0.088154,0.042658,0.11344,0.060296,0.03793,-5.3071e-05
0.00066014,0.0023822,-3.6881e-17,-0.00018151,6.6631e-17,9.194e-17,0.1778,0.048913,1.9429e-16,0.0042211,0.18977,-0.48703,-0.07472,-0.41239,3.185e-15,0.0017481,-0.0015739,0.44557,8.2157e-15,2.481e-14,0.023092,3.4694e-16,0.040782,0.18891,-0.13031,-0.0097507,-0.020917,-0.19939,0.15787,-0.080402,-0.011422,-0.033805,0.044187,0.062097,0.01855,-0.010877,0.059506,0.048795,-0.011748,0.079819,-0.020788,0.061338,0.0075555,0.12102,0.036383,0.15394,0.013497,-0.027102,0.14782,-0.00064894,0.039379,0.12437,-0.066396,-0.042396,0.18444,-0.040431,-0.043378,0.072237,0.058284,-0.049384,-0.058624,-0.0034951,-0.044623,-0.102,-0.12039,-0.0106,-0.055781,-0.0012683
0.0039803,0.0024531,1.7329e-17,-0.00024894,2.8469e-17,3.7047e-16,0.18242,0.047002,-4.8602e-16,0.0026892,-0.18878,-0.36468,0.0070625,0.099289,-2.3724e-15,-0.0022073,-0.0015208,-0.38508,-1.2847e-15,-1.5899e-13,0.53574,1.5387e-15,0.59215,-6.5629e-15,-4.4617e-15,4.5033e-15,-1.0034e-14,8.0491e-16,-7.7716e-16,5.9397e-15,2.7756e-15,2.6368e-16,-1.3045e-15,-2.498e-15,-2.9421e-15,-3.0531e-16,-9.7145e-16,-4.4409e-16,2.0539e-15,6.9389e-17,1.7208e-15,9.4369e-16,-1.9429e-16,-7.7716e-16,4.4409e-16,0,-1.3878e-17,2.0817e-16,6.5919e-17,5.5511e-17,1.1102e-16,5.5511e-17,2.2204e-16,4.0246e-16,1.5266e-16,3.747e-16,3.3307e-16,2.6888e-16,-5.9674e-16,-5.1348e-16,3.4694e-16,-4.1633e-17,5.5511e-17,-3.6082e-16,1.8041e-16,3.0531e-16,-3.4694e-17,2.3592e-16
0.00082727,0.0030526,1.9772e-18,-0.00022313,1.9429e-17,-1.1704e-16,-0.022388,0.051757,2.3313e-15,0.39926,0.0074539,-0.0047918,0.019167,0.0072962,5.1732e-16,0.070596,0.10648,0.0010953,-6.6254e-16,5.5336e-16,0.00018228,-1.3158e-16,1.4169e-05,0.0017192,0.00411,0.051488,-0.010663,0.012966,-0.058866,-0.061671,-0.0014074,0.049443,-0.0045716,0.027695,0.038889,0.010764,-0.010652,0.030811,-0.012376,-0.018964,-0.007159,0.025113,0.011358,0.1012,0.035699,0.0010691,0.041697,-0.091672,-0.024721,0.042983,0.017841,-0.6137,-0.15527,-0.18745,0.20201,-0.24972,0.0080075,0.32059,-0.10351,0.04282,-0.15801,0.13912,0.18202,0.10077,0.045885,0.1644,-0.086592,-1.1542e-05
0.00082727,0.0030526,1.9772e-18,-0.00022313,1.9429e-17,-1.1704e-16,-0.022388,0.051757,2.3313e-15,0.39926,0.0074539,-0.0047918,0.019167,0.0072962,5.1732e-16,0.070596,0.10648,0.0010953,-6.6254e-16,5.5336e-16,0.00018228,-1.3158e-16,1.4169e-05,0.0017192,0.00411,0.051488,-0.010663,0.012966,-0.058866,-0.061671,-0.0014074,0.049443,-0.0045716,0.027695,0.038889,0.010764,-0.010652,0.030811,-0.012376,-0.018964,-0.007159,0.025113,0.011358,0.1012,0.035699,0.0010691,0.041697,-0.091672,-0.024721,0.042983,-0.12431,0.41721,0.27067,0.45772,0.042969,-0.24723,-0.045692,0.14333,0.1177,0.074885,-0.074444,-0.087666,0.20704,0.27919,0.19743,-0.14534,-0.086592,-1.1542e-05
0.0040896,0.0034062,-1.0624e-17,-0.00031863,5.6778e-17,8.7813e-17,0.24811,0.064886,5.6505e-16,0.0035118,0.18836,0.11273,0.0039961,0.049506,4.1674e-16,-0.0023604,-0.0039127,0.052233,1.7151e-15,-9.7838e-16,0.022113,-3.9e-16,0.053429,-0.02642,0.026557,-0.010328,0.012785,0.11062,0.039773,0.083073,-0.10062,0.13953,-0.029901,-0.010367,-0.033427,0.25251,0.035636,-0.03557,0.0014125,0.12795,0.17492,-0.21091,-0.35616,-0.0079144,0.054034,0.021632,-0.036047,-0.26124,0.10848,-0.018013,-0.11448,0.080288,0.11493,-0.083432,-0.029798,0.02162,-0.25414,0.093818,-0.18556,-0.14015,0.12307,0.14961,-0.25016,0.35296,-0.13162,0.20523,0.031275,0.00017738
0.0016291,0.0060329,-6.7225e-20,0.0053587,1.7768e-17,-3.5084e-16,-0.085391,0.31536,4.3165e-16,0.086074,0.0047939,-0.0027578,-0.066053,0.021506,3.4345e-16,0.026834,0.28783,0.0032396,1.0473e-16,1.7579e-15,0.00074868,2.8616e-17,0.00012876,-0.016304,0.052884,-0.071725,-0.05219,-0.32355,0.068974,-0.12424,-0.1733,0.011238,0.082154,-0.20682,-0.16936,0.048855,0.10346,-0.020213,0.43104,-0.10068,0.23032,-0.029462,-0.061709,-0.17286,0.027644,-0.19926,-0.0065323,0.008301,-0.0076159,0.092532,-0.10927,-0.02228,-0.047826,0.012274,0.18215,0.18867,-0.097782,-0.041781,0.0507,0.091024,0.17255,0.05077,0.11448,-0.097701,0.040415,-0.087601,0.19188,0.00010946
0.00053284,0.0019581,-1.4639e-17,-0.00014834,2.0391e-17,-1.2735e-16,0.024909,0.0001254,-1.4951e-16,-0.0073763,0.070646,-0.10221,0.060276,0.46539,-4.8849e-15,-0.0099769,-0.014721,0.18575,3.9706e-15,2.8319e-14,-0.05274,-8.4487e-16,0.041599,-0.063043,-0.23119,-0.16158,0.02857,0.1122,0.16125,0.038725,-0.10339,0.065514,0.097345,0.028245,0.085651,0.031376,-0.034279,0.052312,0.082607,-0.10935,-0.10692,-0.066185,-0.086434,-0.085589,0.18621,0.16319,0.087008,0.013675,-0.044274,-0.042712,0.28211,-0.057151,0.076158,0.28526,-0.02839,0.20145,0.038313,0.30199,0.13134,-0.10716,-0.087595,0.041909,0.023276,-0.21648,0.049105,0.14555,0.16408,0.00042327
0.0041869,0.0034873,-1.2459e-17,-0.00032621,5.7849e-17,1.2167e-16,0.25401,0.066429,5.2096e-16,0.0035954,0.19284,0.11541,0.0040912,0.050684,2.8543e-16,-0.0024165,-0.0040058,0.053475,1.7099e-15,-1.1869e-15,0.022639,-3.4982e-16,0.0547,-0.053601,0.017667,-0.0031563,0.0062246,0.034924,0.014932,0.038593,-0.01577,-0.0042017,-0.080032,0.1349,-0.09947,0.082914,-0.044358,0.20659,0.0052003,-0.02128,-0.047507,-0.050149,0.13652,-0.086032,0.17378,0.060382,-0.4168,-0.010538,-0.12194,-0.043084,-0.010723,-0.028852,0.15801,0.070739,0.36553,-0.10724,0.37,-0.26617,-0.083068,0.30405,0.032631,0.034198,-0.11324,-0.068828,0.0763,0.11761,0.02871,0.00035987
3.0307e-19,2.1886e-18,-0.0039279,-1.7309e-18,0.0096132,-0.20551,2.2821e-16,-6.3843e-17,-0.20712,1.0371e-15,6.5276e-16,1.4826e-15,3.2309e-16,3.3457e-15,0.014276,7.3501e-16,4.0715e-15,4.861e-14,0.21141,-0.70168,-1.6881e-13,0.61441,-4.7293e-15,7.6923e-16,1.8275e-15,3.747e-16,-5.4817e-16,2.9143e-16,7.5721e-16,-4.8572e-17,4.0246e-16,3.4001e-16,1.4294e-15,2.6368e-16,1.0547e-15,1.138e-15,-7.6328e-16,1.3878e-17,-1.3878e-16,-4.7184e-16,8.3267e-17,-1.3323e-15,8.8818e-16,-4.1633e-17,1.138e-15,-8.3267e-17,3.747e-16,2.1511e-16,-2.7756e-16,-7.7716e-16,-1.4398e-16,-2.7756e-17,1.3878e-16,1.3878e-16,9.0206e-17,-1.3878e-16,2.498e-16,2.7062e-16,3.0531e-16,-5.8287e-16,8.3267e-17,3.8858e-16,-1.5613e-17,5.5511e-17,-3.1919e-16,2.7756e-17,6.6613e-16,7.7249e-18
0.0012049,0.0044684,6.4252e-18,0.0056683,1.3339e-17,7.5168e-17,-0.075302,0.29601,-5.0791e-16,-0.14222,0.00063909,-7.5945e-05,-0.079375,0.018005,-8.2523e-16,-0.013142,0.23586,0.0027145,-2.3124e-15,6.8615e-16,0.00066834,5.4605e-16,0.00012489,-0.1349,0.097212,-0.092807,0.12145,0.15364,-0.061241,-0.13769,-0.052629,0.12786,0.0027022,0.093651,0.044281,0.055828,-0.13813,0.21041,-0.14449,0.018782,0.0084885,0.093446,-0.1364,0.07744,-0.070439,0.30575,0.17548,-0.013773,-0.13336,-0.00098062,-0.11005,0.034908,-0.13312,-0.10683,-0.049678,0.11232,-0.14067,-0.047206,0.21345,0.43598,-0.28183,0.042501,-0.14812,0.025454,-0.040888,-0.08796,-0.0071634,0.00090569
0.0039839,0.0033182,-1.1222e-17,-0.00031039,5.6179e-17,1.091e-16,0.2417,0.063208,5.624e-16,0.003421,0.18349,0.10981,0.0038928,0.048227,3.6497e-16,-0.0022994,-0.0038115,0.050883,1.8161e-15,-1.1166e-15,0.021541,-1.7269e-16,0.052048,-0.049864,0.016645,-0.012559,0.0079783,0.10593,0.090374,0.073687,-0.044977,0.053314,-0.044345,-0.13561,0.14893,-0.21786,-0.18385,-0.12584,-0.12392,-0.024173,-0.057316,-0.029169,-0.23564,0.0078355,0.15188,0.063151,-0.050737,-0.040391,-0.049974,-0.14364,0.015353,0.13862,-0.35922,-0.23319,0.099488,0.01489,0.013324,-0.11368,0.013572,-0.092577,0.09582,-0.18308,0.46871,0.057875,0.17664,-0.19598,0.10559,0.00033478
2.8964e-19,2.1458e-18,-0.0063497,-1.7417e-18,0.026321,-0.26776,2.3955e-16,-1.2613e-16,0.20983,-1.6565e-15,-1.5902e-15,-6.2288e-16,-4.5016e-16,3.5191e-15,0.33022,-5.0748e-16,-6.1411e-16,5.5358e-15,-0.17809,-0.024886,-2.7758e-15,0.005902,-1.2637e-15,0.0053413,0.014692,-0.0063669,-0.10026,-0.092493,-0.10761,-0.08509,0.078055,-0.012363,-0.081389,0.13912,0.11298,-0.11894,-0.25958,0.27013,0.1698,0.26115,0.025285,-0.20685,-0.005321,-0.029152,0.08939,-0.16335,0.19608,-0.16545,0.10007,-0.11268,0.299,-0.066251,0.0085571,0.042186,-0.05795,-0.13344,-0.13593,-0.24846,0.14312,-0.00053826,0.089967,0.088884,0.0015169,-0.025874,0.069167,0.016756,-0.034153,-3.5861e-05
0.0041213,0.0034326,-1.2597e-17,-0.0003211,5.5706e-17,3.9743e-17,0.25003,0.065389,5.4994e-16,0.003539,0.18982,0.1136,0.0040271,0.04989,3.953e-16,-0.0023787,-0.003943,0.052638,1.8602e-15,-1.0886e-15,0.022284,1.4498e-17,0.053843,-0.075886,0.011784,-0.0062818,0.0083387,-0.0061104,-0.11293,-0.060958,0.09592,-0.039485,0.055975,-0.043535,0.050155,-0.11648,-0.0026388,0.16758,-0.043013,-0.049213,-0.07903,0.29272,0.43957,-0.027806,0.02734,0.096286,0.069072,-0.15522,0.0084007,0.25995,-0.10192,0.065566,0.031103,-0.11866,-0.25323,0.084473,-0.12956,0.16008,0.051489,0.050881,0.42787,0.17714,0.11053,-0.035729,0.0045421,0.14051,-0.0001343,0.00050949
2.8988e-19,2.1228e-18,-0.0062793,-1.7246e-18,0.026029,-0.26479,2.3521e-16,-1.2498e-16,0.2075,-1.6383e-15,-1.5906e-15,-5.8324e-16,-4.3709e-16,3.4483e-15,0.32656,-5.475e-16,-7.0532e-16,5.3946e-15,-0.17611,-0.02461,-2.6842e-15,0.0058366,-1.4314e-15,0.015687,-0.01961,0.0090799,-0.026989,0.048495,0.051981,0.027645,0.039308,0.014238,-0.049143,0.28692,0.049158,0.30105,-0.091101,-0.14153,0.0070521,0.031393,0.23459,0.085037,0.017347,0.2202,-0.079001,-0.035093,-0.33516,0.31763,-0.18818,0.063524,-0.092726,0.059847,-0.056473,-0.044453,-0.04441,0.17409,0.021429,0.22726,0.098452,-0.044844,0.067671,0.069668,0.17265,-0.0077184,-0.078905,-0.034269,-0.018259,-0.00010532
0.0016243,0.0031537,-2.3738e-17,-0.00025389,5.3569e-17,1.2603e-16,0.14684,0.034921,1.0544e-16,-0.0021902,0.12758,-0.27563,-0.0018568,0.03913,-1.3123e-15,-0.00013013,0.0025113,-0.35246,-1.2639e-14,3.5603e-14,-0.26236,-3.8861e-16,-0.17548,0.0095549,0.012019,-0.022314,-0.005679,0.0038284,0.028264,0.0087205,-0.026672,0.024268,-0.001436,-0.021969,0.0099233,0.069949,0.029333,0.098659,0.068034,0.069639,0.026041,-0.11611,-0.042477,-0.21063,0.14523,-0.05411,-0.027285,0.076609,-0.20232,0.4132,0.061688,0.19143,-0.12462,-0.18334,-0.17182,-0.36694,0.033605,0.09703,-0.014905,-0.035036,-0.14231,-0.13922,-0.056918,-0.11845,-0.040129,0.036308,0.053297,-6.4151e-05
2.4589e-19,2.367e-18,-0.0047171,-1.8596e-18,0.013939,-0.23965,2.8067e-16,-7.7228e-17,-0.22554,1.1252e-15,6.7777e-16,1.0423e-15,1.4915e-16,7.5244e-16,-0.083741,9.9881e-16,1.9957e-15,2.5545e-14,-0.029468,-0.33163,-7.5781e-14,-0.52309,-2.3974e-15,-2.6938e-16,-5.5511e-16,-1.7347e-16,4.5797e-16,-2.3592e-16,-2.7756e-16,-6.1062e-16,-5.8287e-16,-1.0547e-15,-1.6098e-15,-8.3267e-17,-1.0547e-15,-1.027e-15,8.0491e-16,-8.1879e-16,-1.3878e-17,8.3267e-17,8.3267e-17,1.1102e-15,-5.2736e-16,-5.5511e-17,-1.3878e-16,5.5511e-16,-3.0531e-16,-9.7145e-17,1.3878e-16,1.3808e-15,-0.18611,0.038994,0.1977,-0.051369,-0.020459,0.032932,-0.1488,-0.23428,0.013715,-0.084134,-0.26558,0.013108,0.31898,-0.1529,-0.091494,0.36348,-1.3878e-17,7.6382e-17
0.0068322,0.002455,5.1824e-17,-0.00030321,1.7204e-17,1.0245e-16,0.27549,0.075001,-5.5679e-16,0.0093088,-0.31489,-0.079904,0.014842,0.10931,-2.4076e-15,-0.0028947,-0.0051363,0.20841,1.0938e-15,6.6638e-14,-0.21838,-1.075e-15,0.074064,0.06104,-0.093039,-0.011203,0.060903,0.020088,0.25316,-0.1057,0.069463,0.055771,0.027271,-0.0087682,0.013019,0.13286,-0.016319,0.20502,0.08003,-0.12229,0.050545,0.13874,0.20464,-0.088807,0.014199,-0.13472,0.046835,0.096604,-0.16838,-0.14488,-0.067651,-0.13278,0.11766,-0.18772,-0.12955,0.028056,-0.062087,-0.16718,-0.022374,-0.17609,-0.11467,-0.1875,-0.077411,0.33782,0.19193,-0.11252,-0.031503,-0.00040982
0.0040282,0.0033551,-1.2163e-17,-0.00031385,5.6512e-17,3.2747e-17,0.24439,0.063912,5.7183e-16,0.0034591,0.18553,0.11104,0.0039361,0.048764,3.6452e-16,-0.002325,-0.003854,0.051449,1.8725e-15,-9.931e-16,0.021781,-3.8982e-16,0.052628,-0.044237,0.021825,-0.025613,0.0089932,-0.0078579,-0.095878,-0.077662,0.11373,-0.043758,-0.022335,-0.03886,0.042384,0.060675,0.088042,0.014356,0.086984,0.037831,0.23985,-0.035586,0.11561,0.031048,0.047987,-0.027312,0.13406,-0.011514,0.00048083,-0.14409,-0.16817,-0.18317,-0.2801,0.41717,-0.23202,-0.049808,0.12527,-0.047392,-0.13576,0.0009671,-0.12119,-0.28072,0.048796,-0.072887,-0.43306,-0.098525,-0.053607,0.00029701
0.0039551,0.0032942,-9.2203e-18,-0.00030815,5.7094e-17,1.2663e-16,0.23995,0.062751,5.6589e-16,0.0033963,0.18216,0.10902,0.0038646,0.047878,3.6654e-16,-0.0022827,-0.003784,0.050515,1.3584e-15,-1.1431e-15,0.021385,-1.8071e-17,0.051672,-0.084647,0.012863,0.0069743,0.0044024,0.077496,-0.033516,0.015304,0.013328,0.012976,-0.016209,-0.047535,-0.018489,-0.10261,-0.13478,-0.074354,0.018652,-0.16132,-0.124,-0.038015,-0.066506,-0.12817,-0.14939,-0.098918,0.14265,0.52815,0.21709,0.10765,0.097342,-0.080841,0.31757,-0.06912,0.12319,-0.16801,-0.12164,0.0038913,0.075427,0.019174,-0.056403,0.17144,0.021026,0.032721,-0.28841,-0.27221,-0.041893,0.00056831
0.0037259,0.0023702,-2.4723e-19,-0.00023857,4.9093e-17,2.0736e-16,0.22964,0.063148,6.4804e-16,0.0069924,0.14928,0.1593,-0.02529,-0.1771,2.7548e-15,0.0025311,0.0033159,-0.039051,-2.8779e-16,-1.4525e-14,0.047076,4.6027e-16,0.031908,-0.019916,0.12753,0.072486,0.0048197,0.055516,-0.057923,0.0017905,0.039373,0.0090775,-0.015504,0.075055,-0.11887,0.036886,0.14932,-0.010243,0.13515,0.00093638,-0.022977,0.0060436,-0.0014493,0.058809,-0.046295,0.056361,-0.0044175,0.034785,-0.039369,-0.039027,0.022301,-0.0058295,-0.063517,0.1092,-0.15923,0.048549,-0.12848,0.0085207,-0.1917,-0.22671,-0.30895,0.31275,-0.092726,-0.31898,0.50701,-0.20588,-0.033074,0.00013372
6.0874e-19,2.1589e-18,-0.0037743,-1.7941e-18,0.011639,-0.22302,2.5897e-16,-6.0132e-17,-0.22916,1.1692e-15,5.3997e-16,1.3028e-16,-9.0608e-17,-1.6818e-15,-0.066833,2.0226e-17,-1.1245e-15,-1.2627e-14,-0.080305,0.19111,4.6303e-14,0.095388,6.7279e-16,0.012355,-0.025187,-0.0105,-0.017492,0.10271,0.097306,0.059207,-0.030042,0.07324,-0.11211,0.068034,0.14686,0.39676,-0.020157,-0.22757,0.069584,-0.2976,-0.055701,0.2555,-0.0065443,0.19677,0.12018,-0.15324,0.1689,-0.10467,0.29889,0.18838,0.14381,0.012574,-0.11435,0.029168,-0.040071,-0.11624,0.025531,-0.26301,-0.022015,0.15187,0.022094,0.0039705,-0.016734,-0.056349,0.069257,0.048214,0.067539,-8.2953e-05
-8.0592e-20,-4.3432e-19,-0.0065586,-2.4081e-19,0.016578,-0.10835,8.1429e-17,-1.0065e-16,0.317,-2.0606e-15,-8.6693e-16,6.9049e-16,7.7399e-17,-3.137e-15,-0.49093,3.5872e-15,1.1048e-15,1.4218e-14,-0.35348,-0.10776,-1.6814e-14,0.080285,5.8828e-16,0.031843,0.028795,-0.005662,0.13307,0.1895,-0.0071723,-0.33093,-0.28312,-0.4603,-0.090562,0.019723,-0.072383,0.046947,-0.065043,-0.03327,-0.02974,-0.00011464,-0.053372,-0.016266,0.016355,0.0022929,0.069957,-0.067074,-0.040428,-0.042803,0.024102,-0.017835,0.00021948,0.0072246,0.00076791,-0.011051,-0.015098,-0.0064012,-0.028784,0.028527,0.0059692,-0.054403,-0.0045034,0.0090674,0.0039451,0.0032231,-0.025886,-0.021366,0.02455,-0.00021379
1.6577e-17,3.6207e-18,-0.99837,-2.4757e-17,-0.053397,0.019101,-4.8285e-17,3.9638e-17,-0.0052574,6.65e-17,-2.3192e-16,-6.879e-17,-1.371e-16,3.5518e-17,0.0038598,1.8394e-17,-6.3149e-17,-5.6314e-18,-0.00016668,0.00081645,2.1312e-16,-3.0153e-05,3.6362e-17,2.0112e-17,2.8449e-16,3.1225e-17,6.9389e-17,-5.5511e-17,-8.3267e-17,1.1102e-16,2.7756e-17,-1.1102e-16,-1.3878e-17,1.1102e-16,-1.1102e-16,1.3878e-17,2.7756e-17,1.3878e-16,2.0817e-17,0,-1.3878e-17,-8.3267e-17,-1.3878e-17,4.1633e-17,1.3878e-17,-2.7756e-17,1.1102e-16,-2.7756e-17,-6.245e-17,0,-2.7756e-17,-2.0817e-17,-6.9389e-18,8.3267e-17,-1.3878e-17,6.9389e-17,1.3878e-17,-2.949e-17,-5.5511e-17,3.4694e-18,1.3878e-17,-6.9389e-18,-1.3878e-17,-1.3878e-17,-2.0817e-17,-2.7756e-17,1.6653e-16,4.3368e-19
-1.7287e-18,-6.2294e-18,-0.051806,-5.4508e-18,0.99582,0.071488,-9.3658e-17,-8.4789e-17,-0.019038,1.2472e-16,4.6828e-17,-5.7734e-17,-1.9357e-18,-3.3462e-17,-0.0033277,-5.4547e-17,-4.6332e-19,-4.5585e-16,0.012567,0.0027871,4.3703e-16,0.0005184,7.2958e-17,-1.4202e-17,7.9797e-17,2.0817e-17,5.5511e-17,0,-8.3267e-17,1.1102e-16,0,0,-4.8572e-17,0,0,1.3878e-17,-5.5511e-17,-3.4694e-17,-5.5511e-17,-4.1633e-17,-8.3267e-17,-1.3878e-17,0,-2.7756e-17,0,1.3878e-17,-1.1102e-16,4.1633e-17,-1.0408e-17,0,0,0,-5.5511e-17,6.9389e-17,-2.7756e-17,-1.3878e-17,8.3267e-17,0,0,2.7756e-17,-4.1633e-17,4.6838e-17,0,-2.4286e-17,2.7756e-17,6.9389e-17,5.5511e-17,-2.2768e-18
0.00085427,0.0031522,1.7661e-18,-0.00023042,2.15e-17,-1.2697e-16,-0.023119,0.053447,2.4319e-15,0.41229,0.0076971,-0.0049482,0.019793,0.0075343,5.4473e-16,0.0729,0.10996,0.001131,-6.9828e-16,5.2746e-16,0.00018823,-3.77e-16,1.4632e-05,0.020076,0.0079063,0.024757,-0.01878,0.069884,0.013252,-0.018459,-0.043455,0.057153,-0.017688,0.0012511,0.05469,0.047316,-0.014701,0.10678,0.0095284,-0.031599,-0.028005,-0.10468,-0.081727,0.062528,-0.17464,0.10624,0.034894,-0.22711,0.035245,0.1183,0.0020913,0.037061,0.15728,-0.22971,-0.19479,0.21954,0.49996,-0.18452,0.10272,-0.26199,-0.0054371,0.10308,-0.021578,-0.12354,-0.20445,-0.22273,-0.016526,-0.00013479
0.0011933,0.0044252,2.5353e-18,0.0056135,1.1795e-17,-5.4845e-17,-0.074575,0.29315,-6.5862e-16,-0.14085,0.00063292,-7.5211e-05,-0.078609,0.017831,-4.8446e-16,-0.013015,0.23358,0.0026882,-1.3326e-15,9.9171e-16,0.00066188,-5.8018e-17,0.00012368,-0.070302,0.046178,-0.052871,0.068713,0.043111,0.032923,-0.091838,-0.022859,0.010299,0.025042,0.18303,-0.0042911,0.026392,0.14973,0.19175,-0.22212,0.046879,0.015452,-0.17267,-0.00858,0.17558,-0.20896,0.032974,0.23861,0.28303,0.13559,0.076258,0.057116,0.024096,0.013054,0.06139,0.069516,-0.091227,0.18646,-0.023814,-0.28741,-0.22108,0.26784,-0.18433,0.1005,-0.0031361,0.18447,0.22034,0.045956,0.000472
3.8858e-19,2.101e-18,-0.0079238,-1.7253e-18,0.017665,-0.27651,2.4231e-16,-1.3438e-16,0.22798,-1.6759e-15,-1.0026e-15,-5.6354e-16,-1.2798e-16,-1.1837e-15,-0.13023,9.332e-16,8.4506e-16,-1.6388e-14,0.42975,0.10494,7.9655e-15,-0.040965,1.7953e-14,-0.17387,-0.054205,0.18861,0.50228,-0.15215,-0.0035118,0.037696,-0.031476,0.0342,0.34778,0.11103,0.21923,-0.00047298,-0.066422,-0.076675,-0.07164,0.0056727,0.029245,-0.15127,0.12478,0.023347,-0.0083496,-0.13334,-0.084313,-0.093927,0.06411,0.02874,-0.029443,-0.0036973,0.0059799,-0.0089686,0.028167,-0.022742,-0.042982,-0.021114,-0.016506,-0.0056097,-0.055971,0.023203,-0.032752,-0.044802,-0.0083917,-0.081381,0.12399,0.0011674
0.9596,-0.28091,3.5598e-18,0.0017777,7.6003e-18,-2.6016e-17,-0.013866,-0.0033961,5.8976e-17,-0.00030016,0.0056844,-0.0027828,-0.00015528,-0.00052253,-6.4643e-18,9.3097e-07,7.9091e-07,7.8796e-05,5.6452e-17,-9.2575e-17,0.00049264,2.0298e-17,-0.00094993,-2.9056e-16,1.5959e-16,-2.0817e-17,8.3267e-17,-2.2204e-16,-4.1633e-17,-1.3878e-17,3.0531e-16,-5.5511e-17,-1.6653e-16,0,-2.2204e-16,-1.3878e-17,2.7756e-17,-5.5511e-17,-2.7756e-17,0,6.9389e-17,0,-5.5511e-17,-5.5511e-17,9.7145e-17,-2.7756e-17,9.7145e-17,2.7756e-17,-2.7756e-17,-5.5511e-17,1.3878e-17,5.5511e-17,6.9389e-18,-2.7756e-17,5.5511e-17,-8.3267e-17,-6.9389e-18,2.7756e-17,8.3267e-17,5.5511e-17,1.3878e-17,7.6328e-17,1.3878e-17,-1.3878e-17,-2.7756e-17,1.0408e-17,-1.1102e-16,-8.6736e-18
7.5593e-05,0.00028832,-4.8793e-19,0.0025393,1.1077e-17,-2.8041e-17,-0.01032,0.046166,7.476e-17,-0.016178,0.003276,-0.0053472,0.27612,-0.04295,-3.1644e-16,-0.29856,0.015797,-0.00025839,-1.0928e-15,-8.4023e-16,-5.9291e-06,-5.9085e-16,1.2243e-05,0.052867,0.0020925,-0.01909,-0.035421,-0.011301,-0.10174,-0.054044,-0.024932,0.027526,0.099688,0.071973,0.0045132,0.033942,0.0018848,0.024546,0.0066602,0.0088769,-0.045034,0.054795,0.13739,-0.17161,-0.052863,-0.17232,0.14188,-0.030897,-0.10749,0.020867,0.29435,0.28147,-0.17045,-0.0062231,0.13658,0.25193,0.13406,0.025511,-0.35625,0.06588,-0.22767,0.25488,0.17251,0.26255,-0.15667,0.041306,-0.0784,-0.00035494
0.0016014,0.0031093,-2.3048e-17,-0.00025032,5.0984e-17,1.1815e-16,0.14478,0.03443,1.1375e-16,-0.0021594,0.12578,-0.27175,-0.0018307,0.03858,-1.2932e-15,-0.0001283,0.002476,-0.3475,-1.2732e-14,3.4789e-14,-0.25867,1.2131e-17,-0.17301,-0.017568,-0.015834,0.032102,0.0049942,-0.025211,-0.047482,-0.026178,0.037871,-0.028041,-0.046909,-0.009237,0.029864,-0.067416,-0.039476,-0.10805,-0.043488,-0.10479,-0.10462,0.0062618,0.01834,0.29101,-0.053583,0.12662,0.030738,-0.10285,-0.24239,0.075421,0.07077,-0.2019,0.094543,0.22195,0.27158,0.28725,-0.22973,-0.23034,-0.074281,-0.12381,0.14152,-0.0020976,-0.030117,0.077629,-0.072348,-0.096912,-0.091854,0.00011795
0.0062274,0.00016708,8.0802e-17,-0.00012976,-2.7751e-17,2.1834e-16,0.16629,0.048352,-6.096e-16,0.010749,-0.45609,0.23904,0.025539,0.10145,-1.7398e-15,0.0011696,0.0031397,-0.12941,-5.355e-15,3.8944e-14,-0.20531,-7.9428e-16,0.030944,-0.02992,0.092867,0.074569,0.025431,0.044202,0.060701,-0.0781,0.11684,0.067759,-0.073517,0.031832,-0.033437,-0.022884,0.044927,0.11764,0.037545,0.072928,0.038155,0.062925,0.062202,0.06459,0.1377,0.12906,-0.042525,-0.077202,0.31642,0.039433,0.003768,0.21032,-0.14256,-0.027865,0.39584,0.012583,-0.090926,0.15199,0.053984,-0.17161,-0.037654,-0.016777,-0.046389,-0.23383,-0.19261,-0.039944,-0.12595,0.00020088
2.4589e-19,2.367e-18,-0.0047171,-1.8596e-18,0.013939,-0.23965,2.8067e-16,-7.7228e-17,-0.22554,1.1252e-15,6.7777e-16,1.0423e-15,1.4915e-16,7.5244e-16,-0.083741,9.9881e-16,1.9957e-15,2.5545e-14,-0.029468,-0.33163,-7.5781e-14,-0.52309,-2.3974e-15,-2.6938e-16,-5.5511e-16,-1.7347e-16,4.5797e-16,-2.3592e-16,-2.7756e-16,-6.1062e-16,-5.8287e-16,-1.0547e-15,-1.6098e-15,-8.3267e-17,-1.0547e-15,-1.027e-15,8.0491e-16,-8.1879e-16,-1.3878e-17,8.3267e-17,8.3267e-17,1.1102e-15,-5.2736e-16,-5.5511e-17,-1.3878e-16,6.9389e-16,-1.249e-16,-2.6368e-16,5.8287e-16,-6.8695e-16,0.18611,-0.038994,-0.1977,0.051369,0.020459,-0.032932,0.1488,0.23428,-0.013715,0.084134,0.26558,-0.013108,-0.31898,0.1529,0.091494,-0.36348,-1.3878e-17,7.6382e-17
0.0002996,0.0011252,2.8849e-17,0.0052216,3.5361e-17,-1.7632e-16,-0.036086,0.15741,-4.1114e-16,-0.077123,0.0064589,-0.009424,0.37016,-0.046422,1.9675e-15,0.3734,-0.10685,0.0019963,1.7697e-15,1.6778e-16,0.00086599,-1.6197e-16,0.0002246,-0.0005418,-0.042435,0.072853,-0.044247,0.014734,-0.077282,0.14909,-0.12096,-0.12778,0.10594,0.047184,0.040463,-0.10499,-0.36164,-0.071164,0.17696,-0.093519,0.23237,0.13674,0.008057,-0.058244,-0.064437,0.1705,0.14968,0.032796,-0.021975,0.019353,-0.11743,0.053951,-0.037708,0.010179,0.095508,-0.06066,0.10514,-0.0088992,-0.062354,-0.122,-0.010359,-0.017439,-0.14617,0.0077396,0.072856,0.12126,-0.075265,-0.40642
0.0037396,0.0023789,-4.5398e-18,-0.00023945,4.3792e-17,1.9747e-16,0.23048,0.06338,6.5552e-16,0.007018,0.14983,0.15989,-0.025383,-0.17775,2.7414e-15,0.0025404,0.003328,-0.039195,-1.581e-16,-1.489e-14,0.047249,2.7844e-16,0.032025,-0.028968,0.10663,0.075434,0.0116,0.049801,-0.077851,-0.0038018,0.041348,0.0057584,-0.0050403,-0.023589,-0.037513,-0.0075628,0.02593,-0.12803,-0.018617,0.011627,-0.0077542,0.012435,0.0041306,-0.0057125,-0.19691,-0.33522,0.11122,-0.095981,-0.068826,0.058479,0.19846,-0.0038891,0.051603,-0.043612,0.14272,0.24577,0.10243,0.18778,0.40924,-0.014212,-0.13913,-0.39821,-0.1479,-0.00099305,0.11791,0.26957,-0.064122,0.00019449
0.0051188,0.0029077,3.9101e-17,-0.00030288,2.1688e-17,2.1831e-16,0.26481,0.071526,-4.0301e-16,0.0079373,-0.23045,-0.080088,0.014035,0.11425,-2.2155e-15,-0.0034569,-0.0058216,0.041392,1.346e-14,-1.2512e-13,0.57381,1.0536e-15,-0.72171,1.7643e-14,9.6433e-15,-1.0332e-14,3.0816e-14,-1.6542e-14,-5.1348e-15,4.0662e-15,-8.5574e-15,5.3013e-15,-3.3445e-15,7.6328e-15,1.2546e-14,-1.4155e-15,5.8564e-15,-2.2204e-16,-1.7208e-15,-1.0851e-15,-2.7812e-15,-3.4139e-15,8.3267e-16,-2.2204e-16,8.3267e-17,2.5813e-15,-2.1129e-15,1.3878e-17,9.4369e-16,-1.1102e-16,1.6653e-16,-2.4147e-15,1.7208e-15,-7.7716e-16,-2.3037e-15,1.1102e-16,-2.3592e-15,1.5959e-16,3.5527e-15,2.6645e-15,-5.2736e-16,-1.0547e-15,6.3838e-16,0,-1.6653e-16,-2.1996e-15,2.2482e-15,-8.3961e-15
0.28049,0.95863,-4.4847e-17,-0.041364,-1.6159e-17,3.9467e-17,-0.010549,-0.02144,-1.0251e-17,-0.0066294,-0.0022718,0.0015249,0.0029839,-0.0037575,8.9361e-18,0.001423,0.0023102,0.00070287,3.2238e-17,-1.6815e-18,0.00032401,1.0371e-16,9.2231e-05,9.5562e-17,-1.3878e-17,1.3878e-16,1.1102e-16,8.3267e-17,1.1102e-16,-1.3184e-16,1.3878e-16,0,3.4694e-17,5.5511e-17,-2.7756e-17,-2.0817e-17,-8.3267e-17,-1.3878e-17,-5.5511e-17,-3.3307e-16,1.9429e-16,-5.5511e-17,5.5511e-17,2.7756e-17,1.6653e-16,8.3267e-17,-2.7756e-17,-2.7756e-17,2.7756e-17,-1.3878e-17,6.9389e-18,2.7756e-17,2.7756e-17,-1.1102e-16,2.7756e-17,0,3.4694e-17,4.1633e-17,2.7756e-17,-5.5511e-17,-4.1633e-17,-2.7756e-17,-5.2042e-17,4.1633e-17,2.7756e-17,3.4694e-17,-1.3878e-17,2.7756e-17
